{"type":"Feature","properties":{"name":"Greater Mumbai","source":"Sanjana Krishnan \u2014 BMC administrative wards","source_url":"https://github.com/sanjanakrishnan/mumbai_spatial_data","license":"CC BY 4.0","processing":"Union of 24 wards; source coastline preserved without simplification","note":"Context boundary, not a surveyed coastline or validated flood coverage"},"geometry":{"type":"MultiPolygon","coordinates":[[[[72.84575486896375,18.943954638869382],[72.84574980682208,18.943926931020986],[72.84573838012925,18.943864383424806],[72.84569997306198,18.943714580192687],[72.845699907056,18.943714323801238],[72.84562375491478,18.94341729119782],[72.84552572837633,18.943030156456974],[72.845463752313,18.94278539348874],[72.8454267261121,18.942639194953017],[72.84535414473649,18.942352604000877],[72.84523946493738,18.941919654365503],[72.84522419125899,18.94187107622468],[72.84520193724012,18.941781785321606],[72.84518289503382,18.941704734875273],[72.84517272868796,18.94166360210009],[72.8451364121693,18.941425390608238],[72.84511149338134,18.941325473413787],[72.84511144374211,18.94132527321498],[72.8451114266132,18.9413252025611],[72.84509054695724,18.941241478197345],[72.84504053917884,18.941044780673316],[72.8449759659821,18.940793006091564],[72.84490685579652,18.940520578870643],[72.84487740830261,18.940401735270967],[72.8448773794383,18.94040161751085],[72.84485194263428,18.940298961896918],[72.84480402588079,18.940111111751452],[72.84475433124071,18.939911137164472],[72.84470917782754,18.93973246289224],[72.84467203979554,18.93958855095468],[72.84465603408623,18.939521671365444],[72.84462258031338,18.93939519644914],[72.84462229334942,18.939394110097084],[72.84462223092224,18.939393870909104],[72.84461787998356,18.939377425145643],[72.84459599877,18.93928819363901],[72.84459572639065,18.939287080358465],[72.84457895689756,18.939218697848908],[72.84451609506884,18.938982694238398],[72.84451127365028,18.938964596350043],[72.84446110260988,18.938767391019933],[72.84444511071561,18.938704990844002],[72.84443018001426,18.9386467363502],[72.84437089956012,18.938404851628952],[72.84437089331067,18.938404820845253],[72.84433113555708,18.938242595404912],[72.8442609797159,18.937956514778318],[72.84424357497251,18.93786221377027],[72.84424354488321,18.93786204360641],[72.84424157987968,18.93785140377021],[72.84413223859906,18.937408987292663],[72.84406894511112,18.937148204701483],[72.84398541189074,18.93680384060312],[72.84397836728674,18.936774519971692],[72.84397015148585,18.93673949514596],[72.84396874779242,18.93673393367461],[72.84396777853114,18.93673009707307],[72.84395409448868,18.936675904590192],[72.84392978194616,18.936589849566293],[72.8439062932226,18.936493897997135],[72.84390280927188,18.936480391597634],[72.84387534787902,18.936373956596885],[72.8438514676628,18.936276488404815],[72.84385021008885,18.93627137574869],[72.84385019569206,18.9362713141592],[72.84384822444275,18.936263307269716],[72.84383385221187,18.93620490568961],[72.84382054064564,18.936150836763524],[72.8437758987177,18.935973406702047],[72.84376612510647,18.9359361796617],[72.8437516058646,18.935880877282298],[72.84373657126395,18.935825274445484],[72.84372926466656,18.9357982513824],[72.84370420062011,18.935699252832467],[72.8436981534446,18.935675202609065],[72.84369558502377,18.93566498751556],[72.84369552165762,18.935664895548907],[72.84369400646008,18.935662696543645],[72.84368149156079,18.935607872712133],[72.84366542079088,18.935548473139097],[72.84366307767036,18.935537049384873],[72.84365916430811,18.935521060330885],[72.84365445124091,18.93550658578876],[72.84365090703568,18.93549858770724],[72.84364954983442,18.93549561643964],[72.84364342393478,18.935482207583096],[72.84363877074642,18.935475045677357],[72.84363079267084,18.93546276514285],[72.84362486793646,18.935454758350584],[72.84360865084147,18.935439874550756],[72.84360502135976,18.935437039450214],[72.84359203249633,18.935426891975997],[72.84356392328333,18.935408927056255],[72.843533811991,18.935396668270755],[72.84352048888057,18.935393109845673],[72.84350646292566,18.935389362593863],[72.84348108391171,18.935385868119333],[72.84345331580519,18.93538502765798],[72.84342632405674,18.935389517361237],[72.84339376362466,18.935398559801722],[72.84338197510121,18.935404042840652],[72.84335879914674,18.935414820281263],[72.84331663410993,18.93544895033627],[72.84330667606322,18.93546090758939],[72.84329671802665,18.9354728639387],[72.8432956927293,18.935474722679558],[72.84327197331886,18.935517689804414],[72.84326816688336,18.93553417711441],[72.84326714469867,18.935538602070174],[72.84325987912854,18.93557587214558],[72.84325873964166,18.935590022106187],[72.84325822568086,18.935596412156237],[72.84325267196132,18.935596399056333],[72.84325174211475,18.935602503354115],[72.84325135941589,18.935605011283947],[72.8429472668356,18.935574612009347],[72.84296154497015,18.93557579696157],[72.84296472683506,18.935557832782667],[72.84296639598035,18.935548414873768],[72.8429620367809,18.935547262187995],[72.84296207297042,18.935546957305025],[72.84296263633343,18.935542412300375],[72.84296325826419,18.935537372083918],[72.8429688072238,18.93553738604023],[72.84298496044995,18.935452962283733],[72.8429923927886,18.935416384258428],[72.84299786538445,18.93538945651465],[72.84300107212479,18.935369037546565],[72.8430108304776,18.935306928661564],[72.84301508447939,18.935282645055377],[72.8430282679341,18.935207354899084],[72.84302827409255,18.935207318840064],[72.84303347464319,18.935177625742195],[72.84304255342332,18.93513538983367],[72.84304256857583,18.935135318651888],[72.84304257560214,18.935135288925824],[72.84305039734633,18.935098912335636],[72.84306781225912,18.934990520618342],[72.843081923427,18.934922073545774],[72.8430924319714,18.93486629081643],[72.84309524857844,18.934851339292468],[72.84309971014416,18.93482530395245],[72.8430997183515,18.9348252561748],[72.84310697913868,18.93478288801407],[72.84311497976977,18.934743074763734],[72.84311498989842,18.934743025201893],[72.84312149890998,18.934710633903283],[72.84313889546415,18.93460794969284],[72.8431534470083,18.934526566634776],[72.84316514991993,18.934466102607363],[72.84316867516921,18.934451034670793],[72.84318168768013,18.934395398472507],[72.84320169878828,18.934275821960412],[72.8432017102023,18.9342757462188],[72.84322734800769,18.934122553239614],[72.84323883513846,18.934057451129124],[72.84323884351967,18.934057389804487],[72.84325634403612,18.93395820060721],[72.84327223265615,18.933865376947566],[72.8432760932433,18.933842820312233],[72.84329801266865,18.93372290284931],[72.84330380740448,18.93369120597013],[72.84332562007387,18.933577824195464],[72.84332833251324,18.933574454937897],[72.84332967522204,18.933570422111316],[72.84332828101654,18.933566416172518],[72.84334863347037,18.93344936098985],[72.84334864268457,18.933449308707548],[72.84335067410925,18.93343761967429],[72.84335410539458,18.933419516565312],[72.84335411243232,18.933419485936096],[72.84335411764152,18.933419449866022],[72.84335414000537,18.93341933450797],[72.84336296156651,18.933372792409912],[72.8434257712107,18.933208189756048],[72.84343248149648,18.933165285848],[72.84345951092057,18.933021511067782],[72.84346210075384,18.933007729333195],[72.84346482131126,18.93299359865106],[72.84346484980993,18.932993449040193],[72.84348701678198,18.932878328036928],[72.84349574146697,18.932822690711866],[72.84350458804454,18.932775154392832],[72.84351795212827,18.932703349243152],[72.8435428542068,18.93256925890963],[72.84355698023353,18.932490817279938],[72.84358119874548,18.932356731631696],[72.84359966319523,18.932255987295502],[72.84360945893779,18.932202532957017],[72.84362961524671,18.932082531671067],[72.8436353609398,18.932050946201162],[72.84364829959112,18.931979809918356],[72.84370553352183,18.931651733200574],[72.84374085030272,18.93144927999854],[72.84424254505717,18.929005106187077],[72.84403714109364,18.928963524058275],[72.84401021939887,18.92913566956021],[72.84299133623286,18.92893568908969],[72.84259437689508,18.93133419260133],[72.84258223386638,18.931402154996146],[72.84249177350516,18.93188029180713],[72.84249173180973,18.931880508105976],[72.84247190077345,18.93198532456672],[72.84247180869234,18.931985694737985],[72.84247109706914,18.931988555233435],[72.84247109007772,18.931988582250092],[72.84245160369073,18.93206686024323],[72.84241294131982,18.93228784617487],[72.84238910202454,18.932423227671624],[72.84238909693121,18.932423254710358],[72.84238817752727,18.9324284721187],[72.84238810290931,18.932428886753048],[72.84235210323601,18.932627230746544],[72.8423297166528,18.932750672591535],[72.84232970742674,18.932750725776888],[72.8423255925766,18.93277341401462],[72.84230516396289,18.932884974487866],[72.84228801396691,18.932985887461385],[72.84228800362932,18.93298595327954],[72.84228518713593,18.933002519830858],[72.8422708502209,18.933083730973355],[72.8422687195647,18.933097597511672],[72.84226651534044,18.933111944634742],[72.84225321202746,18.93313220458227],[72.84224940721937,18.933137998126035],[72.84224930448607,18.933138089063995],[72.84224473552615,18.933142186417363],[72.8422379973252,18.933148228557357],[72.84223769393095,18.933148422843015],[72.84223767190522,18.933148437942286],[72.84222524115636,18.933156339619764],[72.84220897506873,18.933164431526208],[72.84219050567059,18.933172095844906],[72.84217818629425,18.933174209784262],[72.84217334220408,18.933173345909],[72.84216717414289,18.93317076939427],[72.84216398878588,18.933171715992383],[72.84215002006648,18.93317586928408],[72.84213952027841,18.933179759435298],[72.84212934955308,18.933183526053757],[72.84212495735713,18.93318694168812],[72.84211747533315,18.9331877841012],[72.84204095322707,18.933204847119374],[72.84192918484092,18.933229767598867],[72.84179845985594,18.933258379473536],[72.84173737177396,18.93327175055375],[72.84153236164964,18.933316700503852],[72.84144217486983,18.933336628373944],[72.84143645222804,18.933336618679803],[72.8412601599236,18.93337423344592],[72.84097999867684,18.933325166430343],[72.84081323086701,18.93328912428303],[72.84057140684847,18.9332067403626],[72.84039347535209,18.933109944135033],[72.84025904382605,18.933036388227613],[72.84009393292143,18.932871539403077],[72.84001174298301,18.932760701823604],[72.83999859564172,18.93254457684422],[72.84010052326391,18.93204940725571],[72.84031228961553,18.93106294884441],[72.84027015424182,18.93093363286853],[72.83984424551944,18.930614188126725],[72.8385539526141,18.92970495899161],[72.83752810803381,18.928976886748124],[72.83694133473942,18.929391331189883],[72.83714639573708,18.928920353256125],[72.83717955411592,18.928844197088893],[72.83717976758669,18.928843688330378],[72.8371802231222,18.928833519278232],[72.83718029100967,18.928832006199634],[72.83718033456071,18.928832014836754],[72.83718515123628,18.928833004967057],[72.83718874480297,18.928833744182487],[72.83719664211301,18.928806969575735],[72.8372048659771,18.928779085954513],[72.8372050171209,18.928778626148812],[72.83720503292167,18.92877857846004],[72.83721275044853,18.9287552251258],[72.83721276660683,18.92875500220803],[72.837213258077,18.928748161198257],[72.83721382335375,18.928740305780448],[72.837211240559,18.928724386355963],[72.83720795265879,18.928718631267884],[72.83720731307383,18.928717512796904],[72.83720158928213,18.928710453901687],[72.83720119032223,18.92870996148801],[72.83719447802676,18.92870352425616],[72.83718905043426,18.92870029503924],[72.83718600412242,18.928698482804005],[72.83717955327792,18.928696141307988],[72.83716202606234,18.928689776706847],[72.8370918143644,18.928668140061273],[72.83677035929402,18.92845483352605],[72.83676830760103,18.9284492716929],[72.83676817275422,18.928449129211394],[72.83676247815384,18.92844304887974],[72.83674964233225,18.92843605427388],[72.83672618057525,18.928421533515255],[72.83672101550042,18.928418337154987],[72.83669143474641,18.928400030819798],[72.83664148773654,18.92837065143581],[72.8365927342969,18.928341975148708],[72.83654037985575,18.9283105597113],[72.83648771086563,18.92827895361689],[72.83642419443767,18.92824066240677],[72.83632860224965,18.928183970657116],[72.83628513847445,18.928157815576586],[72.83625154839305,18.928137601695262],[72.83625151164833,18.928137580491647],[72.83625093428839,18.928137232324207],[72.83625152865396,18.928133901698235],[72.83625157675951,18.928133630377012],[72.83624326351774,18.928128647665925],[72.83624151535105,18.928127599362835],[72.83624141916151,18.928127624435575],[72.83623930750423,18.92812819415402],[72.8362369988404,18.92812671767029],[72.8363072739082,18.927955643630806],[72.83631606594373,18.927964677133673],[72.83631591257605,18.927964887937062],[72.83631579508403,18.927965048865143],[72.83631037149468,18.927972473014282],[72.83631063874135,18.927972629469142],[72.83631105884598,18.927972874130987],[72.83631124184217,18.92797298061023],[72.8363223236521,18.927979429664198],[72.83634716362937,18.927993885282202],[72.83635561473119,18.92798313341016],[72.83635918270245,18.927978594103283],[72.83636298783416,18.9279806866488],[72.83636417040714,18.92798133691618],[72.83636470469257,18.927981630601867],[72.83636696502829,18.92798287383964],[72.83636774044466,18.92798329997388],[72.83638276945862,18.927991564732608],[72.83640416448897,18.928003931854484],[72.83640572515742,18.92800483409755],[72.83643088509717,18.928018407949512],[72.83643367078838,18.92801885767226],[72.83643657453614,18.928019326692514],[72.83643844257352,18.928019628417317],[72.83644663641128,18.928018747005247],[72.83645451961266,18.92801636125205],[72.83645597866581,18.928015696267575],[72.83646303854078,18.928012477135994],[72.8364693526631,18.92800828548887],[72.83647472790615,18.928002291973716],[72.83647687575267,18.92799822487684],[72.83647853044393,18.927995092579],[72.83647860908506,18.927994823384203],[72.83647953251003,18.927991669262322],[72.83647981527274,18.92799070339426],[72.83648107958867,18.927986385797816],[72.83648161444411,18.92797928804844],[72.83648173573582,18.927977676306572],[72.83648125843108,18.92797442014784],[72.83648019407134,18.927967160960648],[72.83647527961587,18.927956536332754],[72.83647518830824,18.92795633857327],[72.8364676503299,18.927949110981945],[72.8364616793402,18.92794459454599],[72.83645645333416,18.927942442942665],[72.83645286866819,18.927940967189286],[72.83644147677344,18.927957158258426],[72.83641789793238,18.927941485598115],[72.83640793099244,18.92793321961214],[72.8363904889217,18.927918754461633],[72.83638993250354,18.927918292583165],[72.83639071140551,18.9279136837506],[72.83639089622376,18.92791258739311],[72.83638933748246,18.927907478855143],[72.83638655822098,18.927904147868684],[72.83638189495521,18.927898559296956],[72.8363818053753,18.927898451450375],[72.83638197190481,18.927898356598792],[72.83638201175863,18.92789833390391],[72.83638192864214,18.927898302006827],[72.83638178358738,18.927898209302324],[72.83638190234986,18.927898117759632],[72.83640004195192,18.927884135175017],[72.83646436285017,18.927775116556884],[72.83646486688204,18.92777526822159],[72.8364660135989,18.927775612983798],[72.83646618002422,18.927775767973593],[72.83646632990734,18.92777578056067],[72.83647302310595,18.92777633973018],[72.83648034168588,18.927776357152812],[72.8364840763126,18.92777581076582],[72.83648422146842,18.92777578947958],[72.83648443813784,18.927775757646188],[72.83648693073071,18.927775392855242],[72.83650148295662,18.927782188467184],[72.83650239052776,18.927782612239874],[72.83650373195911,18.92778323848939],[72.83651443289774,18.927788235700422],[72.83651687256585,18.92778937451472],[72.83651967000357,18.92779068081122],[72.83652256830197,18.927792457258317],[72.8365238029636,18.927793213777754],[72.83652396750354,18.927793314694235],[72.83652502179874,18.92779396100773],[72.83654435899703,18.927805810282493],[72.83654423321161,18.9278060255989],[72.83654419748717,18.927806087326836],[72.83654414530064,18.927806177333665],[72.8365440988719,18.927806256568473],[72.83653980002394,18.92781363104705],[72.83653655945896,18.927819189805795],[72.83653722053072,18.92781957963151],[72.83653732438705,18.927819640241246],[72.83661632856867,18.927865984852904],[72.83664635996767,18.92788502252636],[72.8366465275578,18.927885128355943],[72.83665080285911,18.927887838321343],[72.83665090051626,18.927887846686232],[72.83665111764662,18.927887864573663],[72.8366560719021,18.92788826648834],[72.83666104897527,18.92788800206045],[72.83666632181031,18.927887177444756],[72.8366701404848,18.92788561777762],[72.83667379504213,18.927884124844688],[72.83668244505097,18.927879539579134],[72.83669053135749,18.927868532761753],[72.83669819109666,18.927855934296986],[72.83669919218194,18.927854288084152],[72.83671509846265,18.927828127745993],[72.83670832018491,18.927823855576857],[72.83686484055654,18.927302004566457],[72.83710571425043,18.92741361295685],[72.83717490361296,18.927418296054217],[72.8373372707294,18.92745665566465],[72.8379374393541,18.927718918799577],[72.83826209600764,18.927057181925072],[72.83839706918172,18.926782914743274],[72.83860610354837,18.926878657056],[72.83883560443378,18.92698399744379],[72.83910694792603,18.92710822804623],[72.83910724422498,18.927108363373982],[72.83926809366079,18.92718200567658],[72.83930715487723,18.927200605382907],[72.83930793221946,18.92720097664527],[72.83949758933412,18.92729128981125],[72.84001277565511,18.92753812438517],[72.84015872803876,18.92760805083693],[72.84023773457503,18.927645177091378],[72.84030703089934,18.927677740792536],[72.84031403812929,18.927681177995126],[72.8403188891534,18.927683556761426],[72.84034347153538,18.92769561427876],[72.84035919079167,18.927698790686254],[72.84035924125288,18.927698778627935],[72.84035975250839,18.927698658122228],[72.84037409533502,18.92769527254156],[72.84038038599262,18.927691838390047],[72.8403877644264,18.92768781171298],[72.84039523141217,18.927678372796933],[72.84039856100935,18.927667747604424],[72.84039837347773,18.927664319335843],[72.84039776118478,18.927653174946187],[72.84039565783004,18.92764601105224],[72.84039406012684,18.92764056563554],[72.84038497356714,18.927630310772262],[72.84003710490849,18.927459490260414],[72.8396526800257,18.927277347394682],[72.83933336592985,18.92712755830396],[72.83920528494227,18.927067477245785],[72.83853998307332,18.926761598660857],[72.83795587209349,18.926496255920075],[72.83788890872944,18.9264659517639],[72.83882456057242,18.92429225257281],[72.84004544408418,18.921726435146976],[72.840287244507,18.921546914827875],[72.84019356997824,18.921381723513992],[72.84042520581914,18.921247668328967],[72.8416263131385,18.9224559340879],[72.84432060185623,18.9252587432022],[72.84444301803943,18.92542426682733],[72.84450737845388,18.925634699699625],[72.84444417719378,18.926080685908587],[72.84469263575485,18.9261291560821],[72.84477148596908,18.92595685386115],[72.8447572394198,18.925573785033475],[72.84463645973656,18.925280646137473],[72.84245296035458,18.922985201238],[72.84051527530156,18.920947864353597],[72.84031752838278,18.920681178031316],[72.84005226590772,18.920450172666406],[72.83951834532058,18.920252506526175],[72.83891491754925,18.920245480745262],[72.8385216245818,18.920286484131925],[72.83809842447583,18.920418305451985],[72.8375085237382,18.920849034983327],[72.834870953868,18.92359996150073],[72.83450345701625,18.923329833860244],[72.83438854825816,18.923242065014104],[72.83426448980939,18.92314612498675],[72.8343915941312,18.922979038784582],[72.83442609326876,18.92293966080241],[72.83464383134395,18.922941899164393],[72.83465261165854,18.922941989880943],[72.83491551072163,18.922944692583524],[72.8349176441243,18.92294471386241],[72.83492462355768,18.922943285040283],[72.834927581293,18.922942680039817],[72.83493107004901,18.92294196652065],[72.8349366059182,18.922938394573496],[72.83494102089048,18.922935629710963],[72.83494226004007,18.922934852910277],[72.83494321977739,18.92293425169564],[72.83494445030449,18.922933481117184],[72.83495041226456,18.92292549447415],[72.83495407145213,18.92291928748969],[72.83495672611613,18.92290382298267],[72.83495246192376,18.922892821163867],[72.834945401234,18.92288007593629],[72.83473975604215,18.922433927665317],[72.83469100872753,18.922328168444928],[72.8346631250321,18.922267674915858],[72.83466310842722,18.922267637688307],[72.8349000078095,18.92199204863877],[72.83490418376931,18.921985216301437],[72.83490643297385,18.921980447118898],[72.8349078528683,18.921975880527402],[72.8349084287003,18.92196993564416],[72.83490817800579,18.9219647877317],[72.8349079329417,18.921960234232156],[72.83490706673189,18.92195608085729],[72.83490557248628,18.921951536268057],[72.83490325045472,18.921947591723544],[72.83489988587048,18.92194345707237],[72.83489610769512,18.921939525346204],[72.83489170590148,18.921935596279912],[72.83488270064326,18.92192873119021],[72.83450650161784,18.921642868518052],[72.83450168533838,18.921640760101855],[72.83449863994143,18.92163947806118],[72.83449510587316,18.921638480265447],[72.8344912827041,18.92163804182896],[72.83448716831265,18.92163788542514],[72.83448413432127,18.92163800176859],[72.83447992564562,18.921638312154652],[72.83447650171316,18.921638711185274],[72.83447200417454,18.921639488800366],[72.83447148828367,18.921639602010934],[72.83446936379828,18.92164006859447],[72.83446555576953,18.92164140163302],[72.8344614644497,18.92164394806099],[72.8344583471032,18.921646113838488],[72.83445533199841,18.92164837384513],[72.83444945130346,18.921654180946348],[72.83422333631809,18.921927674145635],[72.83422103678029,18.921930455552367],[72.83421939033728,18.9219305049848],[72.83420963422775,18.921930793073454],[72.83420161995492,18.921940863956415],[72.83420128658346,18.92194080767638],[72.83419519186495,18.921939799860823],[72.83418822767933,18.921938649117777],[72.83418813109125,18.921938631731745],[72.83411633557873,18.921926761330564],[72.83389534393011,18.921888834511083],[72.83377377767802,18.92187489443959],[72.83373030316976,18.921867472466335],[72.83372916576654,18.921867277632973],[72.83370599247547,18.921859479325313],[72.83369089494107,18.921851716577475],[72.83367582988745,18.921838194101554],[72.83366379239719,18.921824686193037],[72.833650801499,18.921801569084614],[72.83358996881894,18.92166870617067],[72.83345438064056,18.921365446170103],[72.83339855329706,18.921240293188898],[72.83329759040579,18.921012253700926],[72.83285144937508,18.920118995515274],[72.8328213652917,18.92005153452081],[72.83274034148322,18.919869839217547],[72.83274233813363,18.919868096656113],[72.83274863764223,18.91985262597776],[72.83261269473857,18.919553677218637],[72.8323430586441,18.918954974778597],[72.83234086077817,18.91895009407373],[72.83219948326341,18.91863093076433],[72.83213953039184,18.918495359897737],[72.83213855733325,18.91849324212451],[72.83208384018697,18.918374206098058],[72.83208399055584,18.918374174433744],[72.83208581664579,18.91837380736082],[72.8320864827564,18.918373673329224],[72.8320889492997,18.91837317463474],[72.83234066668984,18.918322454562773],[72.83234085605976,18.91832241612764],[72.83234096359664,18.918322393898766],[72.83234104828826,18.918322376822648],[72.83234113392884,18.91832235975761],[72.83244935250006,18.918300553406613],[72.83252141911899,18.91828618679999],[72.83252625116789,18.918285222543012],[72.83252659751437,18.918285155229977],[72.83252908014167,18.918284660330297],[72.83253102895056,18.91828427120112],[72.83253181018925,18.918284115027507],[72.83253596946187,18.9182832865322],[72.83253733114677,18.91828301519666],[72.83253991464474,18.91828249979651],[72.83255203659124,18.918280084221415],[72.83259290527073,18.918271936229342],[72.83263966126015,18.91826261499145],[72.83266239791554,18.91825874355623],[72.83269144010649,18.91825379860626],[72.83269497098833,18.918253196714357],[72.8327390498387,18.918245690457404],[72.83279148025001,18.91823676332424],[72.83279801595351,18.918232486817356],[72.83279857432254,18.918232022737463],[72.83280455244201,18.918227045110665],[72.83280807351196,18.918224333080573],[72.8328084608212,18.918224033203543],[72.83281313128413,18.918220436751355],[72.83281768818928,18.91821541543123],[72.83282089141605,18.918211884946686],[72.83282783300659,18.9182015974491],[72.8328351906463,18.918188559858255],[72.8328384592095,18.918174955145204],[72.83283968612149,18.91816018035264],[72.83283992036134,18.918153716630787],[72.83284009532366,18.91814890609059],[72.83283966144627,18.918143541967464],[72.83283923188296,18.918138211315416],[72.83283922694592,18.9181381525457],[72.83283922451815,18.918138119999885],[72.8328388718283,18.918133746800542],[72.83283723794734,18.918120530152834],[72.8328353995376,18.918115669005783],[72.83283356110466,18.918110809664974],[72.8328329572018,18.91810987315633],[72.83283029487453,18.918105754806575],[72.83282892290815,18.918103878969198],[72.83282728516497,18.918101636916926],[72.83282706226083,18.918101331721218],[72.83282697455934,18.91810121417631],[72.83282683561902,18.918101021965562],[72.83282539743993,18.918099055028772],[72.83282375874788,18.918096812965402],[72.83281873971855,18.91809203571698],[72.83281477173904,18.918088259813594],[72.83280741967326,18.91808165060452],[72.83280422714004,18.9180792720701],[72.83280174342607,18.918077422091446],[72.83280142002987,18.91807718166049],[72.83279878215144,18.918075216070598],[72.83279802537713,18.91807465263082],[72.8327959943821,18.91807353958102],[72.83278454446051,18.9180672655054],[72.83277852571788,18.918065382378455],[72.83277820525025,18.918065282890613],[72.83277755771874,18.91806508022486],[72.83277465374464,18.918064171957823],[72.83277310817024,18.918063688730356],[72.8327698870415,18.91806323381078],[72.83276900311681,18.918063109678318],[72.83276275506121,18.91806222830125],[72.83276207862394,18.918062132786165],[72.83274778072818,18.918061355226648],[72.83273389357568,18.91806368697568],[72.83273139270028,18.918064051595575],[72.83272858274499,18.91806446409228],[72.83272718349903,18.918064704279892],[72.83272408814742,18.91806524170724],[72.83265710982504,18.918071659495343],[72.8326451314403,18.9180728058649],[72.83263355025014,18.918073916225097],[72.83263303329858,18.91807396528742],[72.8326318511228,18.91807407974585],[72.83263057963876,18.91807420129072],[72.83263051406648,18.91807420775111],[72.83262539296014,18.918074698036186],[72.83255783211024,18.91808117131033],[72.83254673391181,18.918082290015104],[72.83251153101861,18.918085837913186],[72.83249614958062,18.91808738893665],[72.83244059454931,18.918093605841356],[72.83222953982093,18.91811560125458],[72.83222580002234,18.91811599114078],[72.83221872054833,18.918116728616628],[72.8322041092136,18.91811825067295],[72.83210538141951,18.918128540049626],[72.83210237632362,18.918128923159426],[72.83209125245205,18.91813033961302],[72.83208761445607,18.918130489514443],[72.83208531257344,18.9181305845678],[72.83208190763757,18.918129957676044],[72.83208088313177,18.91812976866991],[72.83208067101609,18.918129730965077],[72.83208061896234,18.918129719517918],[72.83207730491829,18.91812910994647],[72.83207141698418,18.91812746136662],[72.83206852409283,18.91812665077053],[72.83206025930096,18.918122226703602],[72.83205745178248,18.91811987433267],[72.83205740483466,18.918119834944015],[72.83205723768789,18.918119695695776],[72.83205719918767,18.918119663631895],[72.83205699637593,18.918119493256153],[72.83205380291791,18.91811681933211],[72.83204837887119,18.918111656157187],[72.8320459248574,18.918108460655304],[72.83204347179266,18.91810526516448],[72.83203959959638,18.91809715470614],[72.83203794898328,18.918091275060505],[72.83203546723325,18.91808242932935],[72.83203335065969,18.91807448480308],[72.83203081765068,18.91806497728518],[72.8320270468738,18.918050916416558],[72.83202436365609,18.918040913059645],[72.8320211364927,18.918026134124457],[72.8320202323249,18.918021986622133],[72.83196274661671,18.91777660875935],[72.83196273946754,18.917776574351866],[72.83196268099918,18.917776324368532],[72.83196261616756,18.917776052632583],[72.83196258294254,18.917775905915995],[72.83191695040529,18.917581118213462],[72.83188427289306,18.917441630509835],[72.83187110662531,18.91739197162019],[72.83186783369759,18.91738000671419],[72.83186781647089,18.917379944187875],[72.83186360767913,18.917372103484116],[72.83185723346375,18.917364301616985],[72.83185550126875,18.91736335011936],[72.83184534738999,18.917357779417884],[72.83183909542866,18.91735529016001],[72.83183278113849,18.917352776689018],[72.83181160942448,18.917349603705823],[72.83178712041958,18.917352623574487],[72.83170702542542,18.917369729671496],[72.83161104303649,18.917391119467176],[72.83156940479229,18.91740221283741],[72.83156735145386,18.917402759710136],[72.83154682928559,18.917407653189127],[72.8315342511863,18.917411957514137],[72.83152943254377,18.917412178518994],[72.83152167751221,18.917412534127525],[72.83150645805051,18.917411245303587],[72.83149822592796,18.917408780772714],[72.83149389099609,18.917407482721682],[72.8314800070348,18.91739875487723],[72.83145885333587,18.917382560639165],[72.83137358956012,18.91731033952766],[72.83112856779627,18.917103567001362],[72.83095583142283,18.916957796171676],[72.8307411399436,18.916774961812713],[72.83069789503286,18.916740521765213],[72.83068202392595,18.916727881199847],[72.83057503724598,18.916642674419645],[72.83048425659655,18.916564239075267],[72.83048421250808,18.916564198816438],[72.83048415806263,18.916564152113715],[72.83034226769242,18.91644155410876],[72.83022362268353,18.91634905795288],[72.82991627733028,18.916087707586048],[72.82984167784092,18.91602482613199],[72.82992829946048,18.915864892513508],[72.83007490935533,18.91563868937903],[72.83020473806314,18.91539386314215],[72.83027679768158,18.91537687134019],[72.83030652047074,18.915369602458913],[72.83031634905079,18.915367198144466],[72.83034459922742,18.915365047086514],[72.83036493960249,18.9153628966082],[72.83039319047484,18.91536289802342],[72.83041179653377,18.91536437554285],[72.83042030976466,18.9153650522299],[72.83044630058347,18.91536720588874],[72.83046777090689,18.91536935458251],[72.83050166893638,18.91537796051677],[72.83051071735373,18.915380999161382],[72.83056762530887,18.91540299569509],[72.83057651169078,18.915406529236915],[72.83062370658465,18.915425288756992],[72.83066316400328,18.9154395941826],[72.83066320650825,18.915439610034802],[72.83066323767233,18.915439622141406],[72.8306948958067,18.91545110043246],[72.83071749602055,18.915457554603176],[72.83073670615514,18.91545863087629],[72.83075372659759,18.91545559700815],[72.8307706069912,18.915450029658796],[72.8307875567703,18.915438201707506],[72.83081868704716,18.91541423613676],[72.830854200106,18.915386898413175],[72.83085424422407,18.915386862798247],[72.8308543688585,18.915386765799134],[72.8308544321305,18.915386716859107],[72.83085467945482,18.915386526451222],[72.83085487021975,18.91538637964223],[72.83123732117097,18.915091940052086],[72.83125088234057,18.915073657493803],[72.8312524804519,18.91507175763641],[72.83125992356716,18.915062905915047],[72.8312611234365,18.9150602408581],[72.8312633140526,18.91505537709393],[72.83126444566372,18.915047849882768],[72.83126338111946,18.91503671286924],[72.83126331512213,18.91503601658636],[72.83125728036627,18.915030970009546],[72.83123807327149,18.915012076081734],[72.83120352721906,18.914971890994185],[72.8310403183922,18.914787603716757],[72.83089470740144,18.91461550462962],[72.83075069888238,18.91445406369981],[72.83070028868426,18.91439659136948],[72.8298476970926,18.913285536713204],[72.82948872349061,18.91298063534885],[72.8294731336683,18.91296250639092],[72.82946580913308,18.912953779504235],[72.82946577921459,18.912953744469196],[72.82946574482325,18.9129537030229],[72.82946571401617,18.912953666243205],[72.8294567557281,18.912942995223833],[72.82944788421968,18.91293242464975],[72.82944334803521,18.91292753186581],[72.82943566551076,18.91291924591981],[72.8294339290037,18.912917591941778],[72.82943389090501,18.91291755536588],[72.8294161173692,18.912900637653703],[72.82939741421173,18.91288592979311],[72.8293973829294,18.912885906303867],[72.82931166904662,18.91282552413031],[72.82930080404135,18.91281786923686],[72.82929860936784,18.912816323205664],[72.82927904865936,18.912802542965224],[72.82925365327904,18.912784652259568],[72.82918929748013,18.912739315664847],[72.82918876231314,18.91273893906985],[72.82905506225575,18.912644751609413],[72.82904185368332,18.91263609113753],[72.82904177180181,18.91263603779086],[72.82898366252624,18.912597940655374],[72.8289835195467,18.912597841431115],[72.8289645491169,18.91258454849117],[72.82896239143047,18.912583037393624],[72.82895807418319,18.91258001337001],[72.82892355604521,18.91255582863607],[72.82892105693792,18.91255407779416],[72.82892098075013,18.912554024514012],[72.82889691334117,18.912537161887755],[72.82882437096178,18.91248939902848],[72.82880200425674,18.91247467352549],[72.82867506262754,18.91238963270522],[72.82858259872641,18.91232690999379],[72.82854005772309,18.91229805182568],[72.82840433395812,18.912201810657233],[72.82840427846068,18.912201772071104],[72.82840422296323,18.912201733484974],[72.82840356276915,18.91220126419619],[72.82840096716126,18.912199490541084],[72.82826141455872,18.912104089690224],[72.82822630109344,18.912080748750498],[72.82822619853415,18.912080679806195],[72.82822586446109,18.912080459115554],[72.82822584094762,18.912080442581786],[72.82822579669754,18.91208041496631],[72.82810382701031,18.911999337665677],[72.82810379501478,18.91199931651637],[72.82800843016582,18.911937332807902],[72.82793688591849,18.911886841731015],[72.82793416034352,18.9118849175116],[72.82791231901938,18.911870383229584],[72.82791219198639,18.911870298643336],[72.82791211953666,18.911870249922888],[72.8278163409592,18.911806508961195],[72.82776830007828,18.911772232661974],[72.82766480721418,18.91169595172896],[72.82758764981334,18.911642048274548],[72.82758757363807,18.911641994090825],[72.827511415577,18.911589272928115],[72.82750914271925,18.911587275417133],[72.82750755958024,18.91158588574207],[72.8273800997808,18.9115015363018],[72.82732475965234,18.91146476910089],[72.82727224728598,18.911429877629967],[72.82713417715325,18.911338690836917],[72.82713371886283,18.911338388300557],[72.82697553034903,18.911233912024908],[72.82697532426036,18.911233775930235],[72.82695809185793,18.91122239638715],[72.82695438509751,18.911219947618964],[72.82694928275484,18.911216578352438],[72.82694639762055,18.911215399249087],[72.82694637117886,18.911215389003733],[72.82694163935416,18.911213459354506],[72.82694161291248,18.91121344910915],[72.82693830195792,18.91121209882173],[72.82692627284133,18.911199876014717],[72.82684148613708,18.910958117746514],[72.82683723720208,18.9109425427739],[72.82681670403264,18.91086726227265],[72.82678214072372,18.91071501602821],[72.826708150225,18.910445264700755],[72.82682986508259,18.910382286016997],[72.82682968243883,18.91038195147937],[72.82671459781608,18.910172310765486],[72.82657744053705,18.909922462225936],[72.82593706649281,18.908856707323764],[72.82590368712879,18.908807072556954],[72.82588968247406,18.90878624650297],[72.82585634265865,18.908763462212477],[72.82564844121129,18.90829355800932],[72.82502858792134,18.907338165153],[72.82492914471545,18.90739060442017],[72.82374048660287,18.908700628513156],[72.82371949773919,18.908723179866843],[72.82371947079564,18.90872320845534],[72.82371939668919,18.90872328797682],[72.82371936781273,18.908723319252434],[72.82359389365259,18.908858129578203],[72.82359379260242,18.90885823768809],[72.82295137473817,18.9095484494617],[72.8223719272761,18.910171924577483],[72.82231085337949,18.910237638380377],[72.82229634582278,18.910252306946667],[72.82223145614536,18.910186500406123],[72.82221720220778,18.910171909084603],[72.82157915869888,18.9095186976038],[72.82144823139998,18.90938069452624],[72.82073284343176,18.908619763814194],[72.82069306898883,18.9085787073023],[72.82052100612289,18.908401097184967],[72.82052085810257,18.908400948216567],[72.8205209896949,18.908400826918136],[72.82056844563394,18.908357221866858],[72.82056849268056,18.90835717996596],[72.82056851381404,18.90835716034235],[72.82056854745892,18.90835712731673],[72.82056857721452,18.908357101471506],[72.82064770626614,18.908284392149277],[72.82068828613798,18.90825172927957],[72.81964780888386,18.90715929208792],[72.81945030701327,18.90730479185999],[72.8192976777119,18.9071423789543],[72.81921698434951,18.90705651209823],[72.81910142257564,18.906944625149674],[72.81864913205155,18.90649651851547],[72.81860287300914,18.906445965037],[72.81849106039262,18.90654112224844],[72.81843769420688,18.906586540882376],[72.81819837829687,18.906788102828987],[72.8178737590565,18.907061511663716],[72.81748907757994,18.906535707140712],[72.81746346985769,18.906351125562892],[72.81767100568659,18.906046289430368],[72.81770534875136,18.905915250137074],[72.8176883633722,18.905869643000706],[72.81765116905898,18.905833357824143],[72.81758641991942,18.90579196910729],[72.81757953906924,18.905741700970225],[72.81759798142937,18.905675001331094],[72.81745738733223,18.905479769475512],[72.81739093383094,18.90537622404746],[72.81737246105837,18.905251733682224],[72.81740677311696,18.905123083912173],[72.81748729911232,18.904916111554037],[72.81753583803612,18.9046585759587],[72.81760768485633,18.90453992674298],[72.81774238956405,18.904414846500128],[72.81781101264087,18.90435112632979],[72.81784408437603,18.90431805671123],[72.8175217062733,18.903231656970156],[72.81745038953814,18.902999284917833],[72.81785626441571,18.902991821200168],[72.81793599636622,18.902997004759666],[72.81793860012465,18.90293207507484],[72.81793888560719,18.902932073804227],[72.81794221464166,18.90290046164261],[72.81794243211642,18.90289643148132],[72.81794583245062,18.90283337699363],[72.81794856933668,18.90278260709622],[72.81794867831361,18.902780573519653],[72.8179538376229,18.902742425432553],[72.81793480482597,18.90274419733455],[72.81773147916134,18.90273941854466],[72.81773684109518,18.90251961336516],[72.81742320562137,18.902501588769553],[72.81742556359781,18.902319816547593],[72.81760161641614,18.90232601989735],[72.81775974888605,18.902330538016244],[72.8177612384085,18.902330571775845],[72.81791376912962,18.902334043009976],[72.8180331556683,18.9023367589277],[72.81803365091075,18.902336770165316],[72.81803392035609,18.902336776040503],[72.81803752682046,18.902333102410168],[72.81804109964071,18.902329461805003],[72.81804260955411,18.90232792323167],[72.81804268840422,18.902327843768134],[72.81804291729327,18.902327610707044],[72.81804550050991,18.902324977349792],[72.81806534181233,18.902325477805437],[72.81806540251691,18.902325480325107],[72.81833125933983,18.90232618172075],[72.81833269489411,18.902326205809274],[72.81833296437463,18.902326208974674],[72.81835718593405,18.902326595554896],[72.8183600884141,18.90232663958373],[72.81846352920516,18.902328284537017],[72.8185239731238,18.902328291743245],[72.81858344524417,18.902328299258397],[72.81860456376135,18.902328300704003],[72.81873379560012,18.902328591843023],[72.81873659891738,18.902328598571103],[72.81877131399965,18.90232867657736],[72.81877565048177,18.90232608276756],[72.81877654283073,18.90232554948638],[72.81877778715231,18.902324805363502],[72.8187782012936,18.902324557315104],[72.81877927058945,18.90232391772111],[72.81878285081196,18.90232051022748],[72.81878292478858,18.902320440642193],[72.81878297861637,18.902320387982172],[72.81878338795366,18.902319998065963],[72.81878560660796,18.90231788701494],[72.81878563540204,18.90231786206189],[72.81878596853082,18.90231668902993],[72.81878788073541,18.902309959638792],[72.81878790959922,18.90230985610319],[72.81878677303678,18.902302068420596],[72.81878519657107,18.902299151354388],[72.81878291197751,18.902294928894623],[72.8187772895197,18.902290279738008],[72.81877716274458,18.902290176181097],[72.81877427356702,18.902287788362578],[72.81876838102991,18.902286183623808],[72.81876631848792,18.902285622866646],[72.81875507978928,18.902285581205362],[72.81875434336854,18.902285579782895],[72.81875371705245,18.902285576943726],[72.81870562873377,18.902285399684974],[72.81859753683031,18.90228470466429],[72.81831020839476,18.90228027661366],[72.81820614369697,18.90227925110887],[72.81815236422304,18.902279359123117],[72.81815110388324,18.902279362382725],[72.81815050503792,18.902279363477252],[72.81814970118882,18.902279365776558],[72.8181491099462,18.902279366057133],[72.818068665165,18.902279529329455],[72.81804989992735,18.902262646500407],[72.81804977141896,18.9022625302771],[72.81804936333158,18.90226216508347],[72.81804886334376,18.902261714807324],[72.81804875172772,18.90226161323457],[72.81803446953832,18.90224876462646],[72.81802513246207,18.902248813005418],[72.81800522163358,18.902248917814838],[72.81792583079252,18.902249334577743],[72.81792543027383,18.902249337098308],[72.81792456662248,18.9022493405006],[72.81792357482622,18.902249346010382],[72.81779828442113,18.90225000297398],[72.81779702022774,18.902250010702197],[72.81773568650739,18.902250417337353],[72.81763712819634,18.902250406438146],[72.8175412328182,18.90225193340949],[72.81747203426715,18.902253034819626],[72.81739779033745,18.902138029725002],[72.8173485399571,18.902063364959037],[72.8173191571147,18.902005662729646],[72.81731983906549,18.901953093588656],[72.81730542663506,18.90190273693691],[72.81728320357901,18.90187379731116],[72.81735132971367,18.90184830933785],[72.81736977156301,18.901781609661636],[72.81734801342458,18.901716827457037],[72.81731336153129,18.90167818229133],[72.81724638239913,18.901615258533162],[72.81723984266401,18.901538705801634],[72.81721320039343,18.901472382139364],[72.81721785149315,18.90146570894629],[72.81722168548654,18.901451811334656],[72.81722169540872,18.901451778030772],[72.81722172230523,18.901451679891892],[72.81722227300402,18.901449683843822],[72.81722231982688,18.901449512775333],[72.81722252105665,18.901442486900912],[72.8172227223215,18.901435458317128],[72.81722145228572,18.901414848239188],[72.81722053126502,18.90141269037469],[72.81721493981007,18.901399585253266],[72.81721492781453,18.901399558917856],[72.81721317424052,18.901395446557945],[72.81720132365058,18.901380835314846],[72.81720129281825,18.901380797918982],[72.81717432613695,18.90134754827388],[72.81715522057374,18.901320263984616],[72.81715140739516,18.901315878120755],[72.81715115116603,18.901315585164173],[72.8171499441965,18.901314196367778],[72.81727120969796,18.901056320442873],[72.81730009674156,18.90076509559781],[72.81726953638218,18.900604615126976],[72.81714583812172,18.90046215909142],[72.81700112617442,18.90019757257843],[72.81687287236191,18.900019214817394],[72.81664367126808,18.89968671873959],[72.81647137591426,18.899419417874277],[72.81622345544855,18.899175126537436],[72.8160050106337,18.89898136877467],[72.8156704331115,18.898642853067912],[72.81524436419305,18.898195716737934],[72.81471809758354,18.897537092526786],[72.81446156777702,18.897182764056023],[72.81424188940548,18.896891005500613],[72.81411351672811,18.896722204304442],[72.81403228472003,18.896596975371356],[72.81392601016788,18.89646667200065],[72.81387716625248,18.896360943041827],[72.81379571735073,18.89625244056381],[72.81365392782968,18.895956818255847],[72.813606636183,18.895731614139528],[72.81350377310076,18.89553204457938],[72.8133727985208,18.89537038199315],[72.81326358008698,18.8952735018566],[72.813231285618,18.895246833196463],[72.81317118990229,18.895234176514236],[72.8131189049769,18.895200102971195],[72.81307436876389,18.895149391509054],[72.81293468371452,18.89507844110121],[72.81279440884653,18.895052891148957],[72.8126944875538,18.89501347693034],[72.81262453648019,18.894986364884748],[72.81255712693708,18.89495689283355],[72.81246975802448,18.894917626324776],[72.81236431911356,18.894916384859073],[72.8122987058034,18.8949419007869],[72.812219887113,18.894957977504205],[72.81191582923431,18.89504312157495],[72.81164769745203,18.89517370980234],[72.8116071132966,18.8951657736041],[72.81160072051216,18.895167927536725],[72.81160068809929,18.895167938897245],[72.81160064521406,18.895167952844176],[72.8115990429619,18.895168493086036],[72.81159854257149,18.895168660616864],[72.8115968888594,18.89516921741441],[72.81159667820504,18.895169289],[72.81159639131548,18.89516938497876],[72.81159067430447,18.895171312024708],[72.81145756782807,18.895191624568042],[72.81132393521202,18.895207879719518],[72.81132308451734,18.895207984411368],[72.81131903741016,18.895207744341967],[72.81125499631423,18.895203981165587],[72.81106784385204,18.895195824747034],[72.81098679542109,18.895190368927402],[72.8109868110051,18.895189900322148],[72.81098684476625,18.895188836686618],[72.81098708828402,18.89518113028213],[72.81098696335557,18.89518110442234],[72.81098579171064,18.89518085938484],[72.81097956438182,18.895179557588076],[72.81097843911213,18.895179322129465],[72.81097835582649,18.895179304889616],[72.81097831418367,18.89517929626968],[72.81097520621232,18.89517864543828],[72.810974374541,18.895180789900376],[72.81097434805345,18.895180856429086],[72.81097339079756,18.89518331735695],[72.81097324351657,18.895183696794888],[72.81097317282828,18.895183878419342],[72.81097128322341,18.89518870933983],[72.81096603198921,18.895186562758273],[72.81096476708717,18.895186045645637],[72.8108996180368,18.895159411546825],[72.81089958027152,18.895159396649778],[72.81089955479406,18.895159385510542],[72.81084243411244,18.89513603357139],[72.81084259424267,18.895135687705384],[72.81084303946537,18.89513472737282],[72.81084733092993,18.89512544551792],[72.81084753398324,18.89512500983225],[72.8108356410691,18.89511927313776],[72.81083450140947,18.89512218715555],[72.8108344032494,18.895122438006805],[72.81083211116061,18.895128299312287],[72.81083205522147,18.895128441367305],[72.81083069667845,18.895131913726715],[72.81082902595732,18.895130786651297],[72.81082744648569,18.89512972116907],[72.8108265189503,18.895129094220735],[72.81082647755417,18.89512906663534],[72.81082623297272,18.895128901167737],[72.81082579742323,18.895128606994398],[72.8108257165169,18.89512855274908],[72.81082172602034,18.895125857388457],[72.81082169967627,18.895125839916215],[72.81081741284736,18.895122945057707],[72.81079430861523,18.89509883142988],[72.81079355960624,18.895098049418802],[72.81078479054155,18.895088897293203],[72.81075072782208,18.895050535771976],[72.81075009462808,18.895050115523773],[72.81069310922685,18.89501235462389],[72.81066786472717,18.894994689384042],[72.81066658765882,18.894993794566062],[72.8106652212388,18.894992838177156],[72.81066515540812,18.89499279223872],[72.81062186437588,18.894962497304878],[72.81057612132686,18.894932558253387],[72.81057571954854,18.89493229428488],[72.81053147264264,18.89490333481996],[72.8105316367628,18.894903119973083],[72.81058367381381,18.894836212251683],[72.81059639402977,18.89481985608522],[72.81059629624444,18.894819786285613],[72.81059242151854,18.894817019121625],[72.8105613127412,18.894794804626148],[72.81055974375765,18.89479694581704],[72.81055967226398,18.894797043429218],[72.81049931395728,18.894879395371646],[72.8104992369522,18.89487933304292],[72.81049799355557,18.89487833023026],[72.8104962251914,18.89487690392778],[72.81048287928863,18.894866144257318],[72.81048260789674,18.894865924278125],[72.81048241349818,18.894865767530785],[72.81048034554776,18.894864100141884],[72.81046498432616,18.894851712541566],[72.81046539815073,18.894848715905795],[72.81046579405954,18.89484585635347],[72.81046602546019,18.894844189867314],[72.81046684908982,18.89484105895988],[72.81046690101334,18.894840860855936],[72.810467773673,18.89483753542346],[72.81046789646409,18.89483706898502],[72.81046428017494,18.894833621100936],[72.8104629069296,18.894832314167804],[72.81046108335494,18.894831922343347],[72.81045646150923,18.894830927588686],[72.81045474071938,18.894831607331273],[72.81044549959307,18.894835256865598],[72.81044543760207,18.894835280522905],[72.81044465769928,18.894834685120102],[72.81043275359686,18.894825580037214],[72.81043295238277,18.89482525359547],[72.81043567617931,18.894820784781196],[72.81043855507752,18.894816064883628],[72.8104387858796,18.894815684623964],[72.81043213236829,18.89481132749958],[72.81042995359779,18.894813291691207],[72.81042516300151,18.894817609692762],[72.81042422774158,18.89481845224566],[72.81042126893635,18.894816475380498],[72.81041291094317,18.89481088780804],[72.81035431259771,18.89477172944332],[72.81034169286151,18.8947633629123],[72.81034105308662,18.89476293806906],[72.81033995226326,18.894762209718415],[72.81027549498666,18.894719477657294],[72.81022918782836,18.894688778568888],[72.81019676822183,18.89466630107752],[72.81019261879625,18.8946634231812],[72.81019202628723,18.894663012443388],[72.81016896642878,18.894647024943907],[72.81015389371733,18.894546741487545],[72.81015385851644,18.894546456547744],[72.81014830865035,18.89450125283628],[72.81015791936653,18.89447305904127],[72.81015800120906,18.894472822450147],[72.8101585824607,18.89447081594829],[72.81015883581956,18.89446994187503],[72.81018933967383,18.894364671288066],[72.81010351992782,18.894250921990146],[72.81003574183913,18.89416965134313],[72.80996985251855,18.894086756308038],[72.8099662989065,18.89408228576871],[72.80996364088723,18.89407907317904],[72.80996361660557,18.89407904308546],[72.80991156518584,18.894016134850375],[72.80988398152941,18.893997899998357],[72.8098667697278,18.893989394407175],[72.80984321876869,18.8939777565774],[72.80981334973205,18.89396807658952],[72.80979995198734,18.893963498136024],[72.80979054682297,18.893960284592843],[72.80978723029502,18.89395983813051],[72.80976193999271,18.89395643371942],[72.809730810409,18.893956551806554],[72.8097307772002,18.89395655141508],[72.80973074588907,18.893956551045978],[72.80963485596168,18.893970957512966],[72.80952318753747,18.89399046826679],[72.80946902907436,18.894029693953104],[72.80944664066271,18.894045909858693],[72.8094424307504,18.894054536877146],[72.80944026238119,18.894058983320207],[72.80944018830797,18.894059133290217],[72.80944012003346,18.89405927519932],[72.80944004596023,18.894059425169328],[72.80943992797947,18.894059667656787],[72.80943989777852,18.894059727818703],[72.80943985683496,18.894059811338543],[72.80943776356995,18.89406410150093],[72.80943774793042,18.894064136543435],[72.80943658091563,18.894066526341884],[72.8094218415614,18.894070170618434],[72.809421726366,18.89407019906765],[72.80939853961688,18.89407593323398],[72.80939799695439,18.894076067743477],[72.80939789984537,18.894076091889655],[72.80937987621137,18.894080603403925],[72.80937984289679,18.894080611140417],[72.80935380378415,18.894087129115306],[72.80929709363427,18.894102790392953],[72.80929575267281,18.894103160271342],[72.80929327644785,18.894103844645176],[72.80926747140447,18.89411097054688],[72.80926733901265,18.89411100782577],[72.80923389387695,18.89412024396467],[72.80919022786294,18.894143079095315],[72.80918898098602,18.89414373009077],[72.80917919028273,18.894130912194644],[72.80916993140632,18.894118792461082],[72.80916069204376,18.894112246030144],[72.80915584192857,18.89411406399436],[72.80915577898891,18.89411408764006],[72.80915571985628,18.894114110427385],[72.80915463653946,18.894114516763086],[72.80915360567823,18.894114902942473],[72.80914725359703,18.894117284891248],[72.8091299741448,18.894130238831124],[72.80912993388283,18.894130269970233],[72.8091256166492,18.894133506905234],[72.8090940936756,18.894157140055622],[72.80891144453157,18.894287579259526],[72.80891112076094,18.894287811190438],[72.80890045004739,18.89429543165143],[72.80874416640935,18.894413216292616],[72.80869335439787,18.894449181606415],[72.80847820258045,18.894601472357255],[72.8082536380222,18.8947617422187],[72.80800000528036,18.89495930555401],[72.80780032594309,18.895137553158023],[72.80752747654691,18.895372254742536],[72.80737933100092,18.895511405675357],[72.80737916286161,18.89551156446993],[72.80732792322537,18.89555969291845],[72.80725222652639,18.89563157004728],[72.80697266708337,18.895897019462847],[72.80687802129569,18.89600003635153],[72.80685643239173,18.896023533415732],[72.80685054780479,18.896029940266285],[72.80667635854343,18.896219536807646],[72.80647686283723,18.896411577529694],[72.80626339223612,18.89666366373198],[72.80601617101222,18.89697153870633],[72.80590959775155,18.897096204160444],[72.80576870189,18.897261015618348],[72.8055507994265,18.897549985097022],[72.8054936979963,18.897630839833294],[72.8054936815716,18.897630862220545],[72.80538635568546,18.897782832719336],[72.80522779901997,18.898013495189147],[72.80515915351047,18.898113360516682],[72.80506065933139,18.898280239396986],[72.80506056324029,18.898280403556523],[72.80498085554417,18.89841545158749],[72.80486232424732,18.898604935872115],[72.80479672667246,18.898709801302893],[72.80479644757338,18.898710245113843],[72.80478303476812,18.89873168694978],[72.80477425077996,18.898747191319526],[72.80464291399683,18.8990015075566],[72.80453132000753,18.899262927125825],[72.80440487066346,18.89965289233732],[72.80433402316382,18.899915167268567],[72.80418567329625,18.900433219767503],[72.80405186757731,18.900991715440494],[72.80386004565156,18.90187880658057],[72.80376795867994,18.902352455102008],[72.80376791804927,18.902352659659318],[72.8037513421966,18.90243753354537],[72.80369522890199,18.90277079157951],[72.80367969530037,18.902867925843292],[72.80365315619301,18.9030338840541],[72.80364789279986,18.903084564583843],[72.80364788292779,18.903084666534337],[72.80363449446308,18.90321360790545],[72.80362771031966,18.903296595955226],[72.80362770776168,18.903296646506966],[72.80362052264299,18.903384541686073],[72.80357840503201,18.90358191492227],[72.80357426923723,18.903748230176507],[72.80357426720363,18.903748313251437],[72.80357426151546,18.90374853086737],[72.80357425929321,18.903748628392076],[72.80357425583294,18.903748820743353],[72.80357424636054,18.903749182834513],[72.8035742380964,18.903749525068466],[72.80357422921354,18.9037498420041],[72.80357382916513,18.903765945830155],[72.80354633894437,18.904102857150956],[72.80355073124186,18.90453002791011],[72.80354537735683,18.904665840446707],[72.80354467609773,18.904810408110123],[72.80354380200713,18.904841447884234],[72.80354379953715,18.904841564374216],[72.80354379026481,18.90484191111244],[72.80354378245462,18.904842145864997],[72.80354377544003,18.904842392369208],[72.80354376606157,18.904842747235428],[72.80354376398071,18.904842833922796],[72.80354375709581,18.904843070492774],[72.8035437543019,18.904843139106706],[72.80353900231366,18.90501193098377],[72.80353863239124,18.90508838037251],[72.80353863203679,18.905088552889005],[72.80353863048028,18.905088672099552],[72.80353832304846,18.90515212175411],[72.80354250672191,18.90525726885367],[72.80354820440282,18.905301410311516],[72.80355994413699,18.90553325438333],[72.80355954337612,18.905615989118843],[72.80355937017686,18.9056512770344],[72.80355936950951,18.905651546194903],[72.80360220689712,18.906203504835755],[72.80370457011547,18.906720556898033],[72.80379433463295,18.907209675065683],[72.80382418858392,18.90737779774291],[72.80398751493883,18.908084545029517],[72.80409626185791,18.908415390797135],[72.80418176585977,18.908631246238297],[72.804214118024,18.908715057489932],[72.8042141317977,18.908715092879547],[72.80424775455482,18.90880219162711],[72.8043298319708,18.9090315615742],[72.80432988691253,18.9090317148731],[72.80433700419884,18.909051606400983],[72.80443175393651,18.90926887991418],[72.80448788951219,18.909439717771694],[72.80453054829347,18.909530318652248],[72.8045401512947,18.909550711064192],[72.80454034877268,18.909551141539684],[72.80460333794419,18.909688295131893],[72.80460334901277,18.909688319650527],[72.80462084760838,18.909726421500064],[72.80484635511094,18.91021155873657],[72.80545626267921,18.911134145062498],[72.8061467034179,18.912132001933507],[72.80647644683295,18.912645302655978],[72.80677693970304,18.91305637612768],[72.80710744487104,18.91351146689605],[72.80751743856474,18.914027445715973],[72.80784247048211,18.91442356261435],[72.80816732045645,18.914815258211988],[72.8093926747954,18.91630866005282],[72.80962091823801,18.91658885420832],[72.80974805491203,18.916744927043005],[72.80995429535619,18.91699811143602],[72.81027899155158,18.91738311462884],[72.81103157373354,18.91821167426266],[72.81413749340254,18.921469355912937],[72.81774485965377,18.92518758842479],[72.8180409311576,18.92551111806386],[72.81804130081956,18.925511522553055],[72.81804135596651,18.925511588235953],[72.81804138778706,18.925511622933847],[72.81810315768334,18.925583611645173],[72.81820078589784,18.925697391092466],[72.81820083639369,18.925697449494585],[72.81833434410748,18.925847013235668],[72.8186166335127,18.926173450240256],[72.81862357488086,18.9261814768847],[72.81867774783683,18.92624216311387],[72.8187754987873,18.92635166413949],[72.81898981945903,18.926600321673202],[72.81903710902664,18.926655185809295],[72.8194613445879,18.927100576258347],[72.8195645707976,18.927225474063484],[72.81958034494431,18.92724456007518],[72.81958281806848,18.927247369361638],[72.81959642393169,18.92726282951249],[72.81963272280844,18.92730407242871],[72.81968992348713,18.92736906369231],[72.81976684709886,18.927468194035267],[72.81989606185918,18.927634711114894],[72.81989733239148,18.927636351002114],[72.81991063613775,18.92765227637412],[72.82006996310656,18.927843031095797],[72.82024259512679,18.928049715593865],[72.8204480594564,18.928283162577998],[72.820684611694,18.928562474297536],[72.8209166019812,18.928836594470816],[72.8210154362128,18.928953981862065],[72.82150458991775,18.92957424000724],[72.8215950422957,18.92969781448299],[72.82160861798423,18.929716362395418],[72.8216477847753,18.929769871476438],[72.82194825931897,18.93025191422177],[72.82199390201235,18.930338923385595],[72.82204363933423,18.930431656680643],[72.82208607352213,18.930506101796844],[72.82217518764853,18.930671761133492],[72.82234511899186,18.93100129412705],[72.82239110238766,18.931093827927043],[72.82243708676708,18.931186362634104],[72.82243712096839,18.931186433489632],[72.8224371542909,18.93118649891528],[72.82254228946888,18.931398065441673],[72.82262710804835,18.93158777128374],[72.82276246715736,18.931895750241022],[72.82279165102342,18.931967799636663],[72.82284353220513,18.932096362141007],[72.82284360214359,18.93209653187092],[72.82284362508544,18.932096592658404],[72.822903462301,18.932244866369462],[72.82304023515036,18.93261623428363],[72.82304032134098,18.932616468335468],[72.82304043504323,18.932616776777266],[72.82304047444768,18.932616885630566],[72.82304056065001,18.932617118779298],[72.82304061477105,18.932617263935583],[72.82304062393379,18.932617289334317],[72.82315317022075,18.93292287680431],[72.82339659216728,18.93359724269545],[72.82350930866563,18.9340048512826],[72.82352357550484,18.934053899352243],[72.82353144772874,18.934080962079157],[72.82356799322345,18.934261273637322],[72.82356810210348,18.934261807836563],[72.82356818683357,18.93426222794204],[72.82356820387088,18.934262304918803],[72.8235683545946,18.934263052777702],[72.82359177298251,18.934378589486556],[72.82361534774417,18.934473491319658],[72.82361972315485,18.93449176225807],[72.82362232915206,18.934502642760133],[72.82362439479665,18.934511272327992],[72.8236262434214,18.934518996092315],[72.82362625242047,18.93451903413471],[72.82362625966184,18.934519061317392],[72.82362627136764,18.934519110230628],[72.82363788280237,18.934567614085633],[72.82367238763514,18.93472551446652],[72.82368669046487,18.93479596381724],[72.82368669673379,18.93479599279502],[72.82368670389326,18.934796026299534],[72.82368673241412,18.93479616934879],[72.82368676454394,18.934796326892513],[72.82370828663299,18.93490233366067],[72.82373499413849,18.935044827818434],[72.82376630400942,18.93521020489427],[72.82376694984016,18.935213985376592],[72.8237669621908,18.935214057782073],[72.82376696841295,18.935214090372334],[72.8237907239476,18.935353141898986],[72.82379920905622,18.93540638458327],[72.82380593415216,18.935448580558404],[72.82381226183718,18.93548071771792],[72.82381226811783,18.93548074579258],[72.82381227252377,18.935480772038726],[72.82381468070001,18.93549300239381],[72.82382205377058,18.93553698267841],[72.82383225597675,18.93559953099138],[72.82383226121475,18.935599566279866],[72.82383726206668,18.9356302264001],[72.82386584498698,18.935812745092825],[72.8238875313223,18.9359675477149],[72.82390066465082,18.93607214812288],[72.82390068279071,18.936072286534035],[72.8239078526071,18.936129390560815],[72.82391849914563,18.936235811658005],[72.82392129045728,18.936274952723426],[72.82393286240523,18.936389730772063],[72.82393286569828,18.936389769650756],[72.82394306648973,18.936509786757988],[72.82395515639409,18.936678648870217],[72.82396102622431,18.93678633628272],[72.82396103145174,18.936786445638152],[72.82396189580676,18.936802297098858],[72.82396209819399,18.936804625360026],[72.82396210156897,18.936804657916866],[72.82396330206255,18.936818376216202],[72.82396462940325,18.93684435410236],[72.82396463241543,18.93684441465591],[72.82396463562657,18.936844459856438],[72.82396463618943,18.936844489670516],[72.82396463841637,18.936844537569264],[72.82396948101145,18.936939273773206],[72.82398174036064,18.93721321192848],[72.8239894807754,18.93753532283598],[72.82398929725069,18.93771971242351],[72.82398913648213,18.937881835189458],[72.8239861721106,18.938134017686924],[72.82397974864364,18.93836708822368],[72.82397974465043,18.938367249859766],[72.82397974152335,18.938367344665032],[72.82397973507017,18.93836754962858],[72.82397973086631,18.938367727520824],[72.8239779712082,18.938431580669356],[72.82396256466701,18.93870394493341],[72.82394512264145,18.93892879387008],[72.82393906902453,18.93899378801763],[72.8239270462837,18.93912289481959],[72.82392602312827,18.93913204093119],[72.8239222214762,18.939166022896732],[72.82391915294446,18.93919346214538],[72.82391834241619,18.939200703977416],[72.82391434202582,18.939236470251565],[72.8239143154426,18.939236690334198],[72.8238807061557,18.939376636650287],[72.82387612303116,18.939515219197602],[72.82384210156677,18.93972789542638],[72.82384131172803,18.939734638902408],[72.82382782085801,18.93982884558401],[72.82380264284389,18.940001861519285],[72.8237995344087,18.940023221376272],[72.82379132819689,18.940074049759456],[72.82378175442997,18.940151218211277],[72.82377493566501,18.940189841816494],[72.82376602301034,18.940240318667477],[72.82374413226836,18.940357296291197],[72.82373262084184,18.940418810236846],[72.82371593903065,18.94050162370155],[72.82367175593218,18.94072795342478],[72.82365280323243,18.940816129951504],[72.82360247584636,18.941049607242668],[72.82354979615889,18.941463708140432],[72.8235496863412,18.941464564041492],[72.8234919562931,18.94165682187866],[72.82345130318478,18.94180792096176],[72.82340628419398,18.94195801132125],[72.8233559756289,18.9421338193925],[72.8233027901233,18.94229583707129],[72.8232446395151,18.942469818765918],[72.82318560686454,18.942637289339185],[72.82312357548956,18.942816025305234],[72.8230517988165,18.9430083853261],[72.82301737125502,18.943096591367958],[72.82299476186813,18.943162106385607],[72.82296925772825,18.94322114267563],[72.82293687798389,18.94329863393215],[72.82288183914048,18.943436680716804],[72.82285523699494,18.943502714255878],[72.82282284929977,18.9435820534488],[72.82271458501778,18.943779192023563],[72.82267913794736,18.94385551450414],[72.82266059943298,18.94389345841999],[72.82262075445013,18.943984339390404],[72.82258373349788,18.944068778077785],[72.82258983064882,18.944068772914232],[72.82247619161177,18.944307135065372],[72.8223646446577,18.944542988959995],[72.82224148598966,18.944780598665197],[72.82204959277998,18.945143954907383],[72.82180807377836,18.945561886830905],[72.82171657968432,18.945725506726767],[72.82160944510426,18.945889138765637],[72.82147732091047,18.9460986893616],[72.82132777460104,18.9463218268603],[72.82120974850824,18.946492310931056],[72.82111645961957,18.94662547596413],[72.82090788891618,18.94692563251269],[72.82067917373153,18.947246336694892],[72.82044692178148,18.947553137579643],[72.82012139498926,18.94797070915639],[72.81985964514735,18.94830211457037],[72.81974973298323,18.948439235436066],[72.81966051029751,18.94855012252239],[72.81949121486679,18.948760195037323],[72.81935204598409,18.94892493795041],[72.81935183389922,18.948925187462905],[72.81892459943565,18.94945642374751],[72.81872458375024,18.9497010644701],[72.81770439528015,18.95083242651884],[72.81768838241567,18.95082164674657],[72.81755929060178,18.950891804101936],[72.81723801116149,18.95107987527368],[72.81716499271695,18.951164381095833],[72.81552044976547,18.952176432956215],[72.81471782334121,18.95301024255962],[72.81386061062472,18.95346252084786],[72.81266852996613,18.953962707270033],[72.81145944359427,18.954429506885276],[72.8105841593076,18.954701176672486],[72.80950012031312,18.954937196780552],[72.80869824309086,18.954927715445738],[72.80808180789126,18.954957149409648],[72.80788541902237,18.954784242434624],[72.80782698271638,18.954662884948284],[72.80780262588128,18.954675872903692],[72.8077775314523,18.95468925418268],[72.80771862040464,18.95472066750767],[72.80770104478447,18.954707020252666],[72.8076564840547,18.954672418922634],[72.8076368368115,18.95462779119628],[72.80761645496037,18.95457698668007],[72.807597529048,18.954530773506672],[72.80759045973741,18.954513511540735],[72.80758943282581,18.954510878166104],[72.80756483057473,18.954447753563088],[72.80753685477437,18.954377852621967],[72.80750805308405,18.95430570094909],[72.80747805777568,18.954236191601094],[72.80743326319083,18.954123434877935],[72.80741723402316,18.954083859105427],[72.80741084319651,18.954070211288712],[72.80740445131191,18.95405846027905],[72.80739559151752,18.954044217814683],[72.80738760280964,18.95403094851913],[72.80737881570597,18.95401768151833],[72.80736803483738,18.95400479467707],[72.80733170524958,18.953971065672555],[72.80728014929493,18.953926622814105],[72.80715650120136,18.953780359126505],[72.80693715763884,18.953574051254975],[72.80693606385076,18.953568488722556],[72.80693860594856,18.95355323788685],[72.80693985525257,18.953542721242155],[72.80694060267314,18.953532207906953],[72.80693959081509,18.953522887715344],[72.80693782385232,18.953516117161655],[72.80693354279502,18.95350488761823],[72.80693274385843,18.953503632982304],[72.80691663999963,18.95348123378347],[72.80687483249088,18.953465190996287],[72.80682812367576,18.95346685937739],[72.80678654843386,18.95343305125473],[72.80670693316526,18.953383608179376],[72.8067045822077,18.953381527850535],[72.80670245696534,18.95337964724566],[72.80716249457609,18.953336922925804],[72.80741677567867,18.95331030296506],[72.80742991516568,18.953232350786326],[72.80672557535831,18.952661076140952],[72.80626713247976,18.952708143771222],[72.80621909361193,18.952555266528435],[72.8061234428683,18.952462840609932],[72.8060892494779,18.9524333272585],[72.80597696154133,18.95229882486832],[72.8059526445761,18.952275626579688],[72.80571948115643,18.952224381335974],[72.80568587476714,18.952220696456912],[72.80552726256612,18.952222781575973],[72.80553113191169,18.952191438921236],[72.80554598964208,18.95212477518041],[72.80554569469136,18.952109422562664],[72.80552977104996,18.952003037617335],[72.80552016946754,18.951980826311782],[72.80551418389868,18.95197116511968],[72.80550639516419,18.951964938324608],[72.80546631513789,18.951929828742394],[72.80527022464155,18.9518212962995],[72.8052316859081,18.95181680374334],[72.80515251624739,18.951811705102955],[72.80510505541969,18.951811644761843],[72.80505370834948,18.951817092550872],[72.80507823445423,18.951592458747243],[72.80494898214911,18.95149589649303],[72.80488871266932,18.951366961504625],[72.80471310747517,18.951225720769052],[72.80464775214026,18.951295033876757],[72.80453150199249,18.951337374436925],[72.80451899230039,18.951366464249404],[72.80444735532566,18.951455170450775],[72.80437784502192,18.951367994208056],[72.80437765515784,18.95136799466837],[72.80429390508031,18.95118018400011],[72.80425448115798,18.9511369472939],[72.80400398186715,18.950990333864816],[72.80417562383023,18.950745468281543],[72.80398080409297,18.950543543947163],[72.80394394853458,18.950502292647904],[72.80367173498622,18.9503933538535],[72.80364145767366,18.95039445641933],[72.80362446852344,18.950398621877014],[72.80355869191418,18.95026155827909],[72.80321473090379,18.950023056168043],[72.80309153018513,18.950035957567714],[72.80293064484783,18.949755436823953],[72.80278598849333,18.949616433227042],[72.80278904810942,18.94950823147815],[72.8026646771547,18.94932478177351],[72.80228547536055,18.94890575238514],[72.80225878672334,18.94888039246631],[72.80221074225979,18.94885603258116],[72.80218871800965,18.948853516917698],[72.80216641285227,18.948857234215957],[72.80215028072564,18.948862121903076],[72.80209216537999,18.948823320129172],[72.80172058439996,18.9485841100637],[72.8016545865589,18.94854043398299],[72.80163293551051,18.948524460429045],[72.80162105764019,18.948505954043547],[72.80161477723755,18.948482837406566],[72.80160460485111,18.94845935897681],[72.80158494422506,18.94844031515922],[72.80156994068975,18.94842713509505],[72.80153926302104,18.94840141561173],[72.8015059342914,18.948383099903527],[72.80143842590469,18.948352342043698],[72.80137908790455,18.948332415966654],[72.80126173485678,18.948284889875204],[72.80121028252418,18.948274713487987],[72.80107386961161,18.94825411113012],[72.80101207543441,18.948249902613004],[72.80096223817698,18.94824388203742],[72.80094210101021,18.948223843994864],[72.80092443949641,18.948212293741374],[72.80089604896847,18.94819749688868],[72.8008565540235,18.94818668187373],[72.80081677404155,18.948173881821916],[72.80073522241447,18.948151170412345],[72.80070607852768,18.948143237925212],[72.80068566977498,18.94814225697885],[72.8005919770913,18.948129848446364],[72.80055573823225,18.94813834161327],[72.80041161674511,18.948327769755046],[72.80034021216385,18.94830362836734],[72.80035244794051,18.94828916916061],[72.80035832529121,18.94827516621571],[72.80032033399442,18.948237888403074],[72.80028138633368,18.948193204479146],[72.80027216655164,18.94817270861247],[72.8002581967862,18.948147878606182],[72.80016777929927,18.94806637425253],[72.80013017656329,18.948042192139656],[72.80009342006551,18.948008885299643],[72.80004146935943,18.947962312773104],[72.80002542305442,18.94795509637524],[72.8000152626796,18.947950315254534],[72.79999551710027,18.947945089811697],[72.79996988596459,18.947943028448396],[72.79988892718094,18.947951111710353],[72.79984458558833,18.947929912203747],[72.79982863969252,18.94793191123029],[72.79974233876403,18.947903148919366],[72.7997011448209,18.94790136740593],[72.79964001167389,18.94789742982255],[72.7996299524952,18.947896712567584],[72.79955884220904,18.947875078443285],[72.79941425925063,18.94784020937432],[72.79939114384281,18.947765530667986],[72.79934554534206,18.947708386702512],[72.79932995960786,18.94767813905358],[72.79930183068593,18.94762540806998],[72.79928122227088,18.947607629358032],[72.79926412048849,18.947583524010536],[72.7992365671968,18.947543078374075],[72.79913453288697,18.94740377959883],[72.79906799740722,18.94740688698682],[72.79895846395507,18.9474100223537],[72.7988469378799,18.947412706432782],[72.79881817156401,18.94740802675789],[72.79875808077531,18.94739731325687],[72.7986969547551,18.947390644524877],[72.79868479783342,18.9473893180904],[72.79865470645116,18.94738292321889],[72.79863305241916,18.947381007944383],[72.79859281520704,18.947377448233098],[72.79856288440094,18.947375193230855],[72.79855000433304,18.94737422278435],[72.79835082264684,18.947458513350174],[72.79822252543612,18.947535515583663],[72.79819417067561,18.94755253368504],[72.79810803539168,18.947486109315026],[72.79808429157553,18.94746417650461],[72.79804648997465,18.947425179713704],[72.79798294622103,18.947357029311107],[72.79794314687392,18.947314963032795],[72.79793871725933,18.94729581855044],[72.79793610395771,18.9472845312835],[72.79792193182085,18.947240011853562],[72.79790584161118,18.947162619573145],[72.79788529320709,18.94708830135632],[72.79785055672829,18.9469468815258],[72.79783418861228,18.94688105016723],[72.79782648395896,18.9468579349556],[72.79781041422483,18.946809804390444],[72.7978065112481,18.94679147275976],[72.79779691217604,18.94677260286602],[72.79777762327302,18.946740911924024],[72.79775092640661,18.94670227193047],[72.7977590601744,18.946654850734127],[72.79777670593089,18.946642555875993],[72.79779387649124,18.946626469876858],[72.79780810213255,18.946607224569505],[72.7978394106588,18.94657191840883],[72.79784685329064,18.94655915277092],[72.79785056416223,18.946535045931736],[72.79783030499712,18.946444188244737],[72.7978072669618,18.94633853131777],[72.7976731206813,18.946146322483575],[72.79768174324487,18.946126900416925],[72.79762832002348,18.946078432628866],[72.7975480243441,18.946005586750683],[72.79737082277158,18.94587446014683],[72.79723340362067,18.94575839081],[72.79711952909608,18.945653597268794],[72.79699047663065,18.945559470337418],[72.79688810704924,18.945484565331245],[72.796882409773,18.945479781787355],[72.79686559067126,18.945448993564607],[72.79685155047522,18.945428151461556],[72.79684649360657,18.94542064592733],[72.79683499621689,18.94540069031923],[72.79682739174116,18.945382540496073],[72.79681911721107,18.945355993386887],[72.79679808615049,18.945270836768643],[72.79671538903453,18.945084288905935],[72.7966941358513,18.945077739790715],[72.79659016921754,18.94504570436173],[72.79657051381022,18.9450348756911],[72.796561587615,18.945027024282172],[72.79653204159531,18.944986579030413],[72.79651294852707,18.944965454649097],[72.79651038521074,18.94495759938577],[72.79651012467416,18.944956620786414],[72.79650781620865,18.944947935762325],[72.79650141912069,18.944893569398314],[72.7964829958037,18.944877322359094],[72.7964592585745,18.944867728667646],[72.7961920022435,18.944759714949452],[72.79615410578428,18.944722887220873],[72.79607147660532,18.944644447284162],[72.79604032585227,18.944611861877707],[72.79602255968207,18.944586491730288],[72.79599736506864,18.944551913221154],[72.79585146493545,18.944351672876333],[72.79584710027953,18.944345891712473],[72.79581426991784,18.944302402519792],[72.79556358822352,18.943807669860252],[72.79545503997298,18.943399941029156],[72.79534701602476,18.942874360342405],[72.79533392128484,18.942780233608616],[72.79531427784855,18.942611901140832],[72.79529681825554,18.942489996925378],[72.79529787399862,18.942367621006735],[72.79529551894565,18.94226708648263],[72.79525234558744,18.94202433965492],[72.79522781780217,18.94193808727413],[72.79522130370613,18.94192930525951],[72.79518262290264,18.941798749423025],[72.79516752740675,18.94175118399063],[72.79516029454277,18.94173201065296],[72.79515956668445,18.94172433437051],[72.7951676603965,18.9417174973319],[72.79517413572414,18.941712101590245],[72.79517806364598,18.941703356137666],[72.79518282157464,18.94170339917065],[72.79519362914519,18.941703499694057],[72.79519525342177,18.94170088696088],[72.79519708130191,18.94169448032011],[72.79516542976103,18.94163430654614],[72.79513951376286,18.941586976440576],[72.79509860644784,18.94151530179397],[72.79507796492923,18.94147819408151],[72.7950713573593,18.941468869909574],[72.79506738056313,18.941466954709643],[72.79505759443796,18.941469090111145],[72.79504447101746,18.94147446278688],[72.79504067550083,18.941475078821544],[72.79502437171668,18.94144557921924],[72.7949697810692,18.94135325717986],[72.7949140715778,18.941256147282164],[72.79487156128816,18.941180851403264],[72.79482991528724,18.941103569631053],[72.79481488985603,18.941038902117732],[72.79479771807438,18.940964996905343],[72.79480474507176,18.940964211563205],[72.7948056736342,18.94094569529674],[72.79481823267093,18.940914129114823],[72.79481788810004,18.940905457501344],[72.79480992074924,18.940831640988954],[72.79470011960149,18.94054060373843],[72.79457212470656,18.94024164357831],[72.79456746870835,18.940195113662686],[72.79455393199301,18.940162008686478],[72.7944547358592,18.940044419778935],[72.7944404699543,18.939979611346736],[72.79440883938655,18.939794615054144],[72.79439077089036,18.939731327609927],[72.79437115928827,18.939722499068584],[72.79435815320893,18.939723356890557],[72.7943020484814,18.93972568283609],[72.79425618108084,18.9397079954695],[72.79422116180224,18.93965855720544],[72.79424167208619,18.93963279685056],[72.79430052819997,18.93965441428269],[72.79455468917791,18.93965975435556],[72.79477591476736,18.939713473865375],[72.79477598210221,18.939696495511686],[72.79457333428303,18.939649162506836],[72.79452950944469,18.9396426861602],[72.79429698158016,18.939638689095574],[72.79419762002073,18.939587480109797],[72.79397360408043,18.93942410203747],[72.79390372488866,18.939382398032397],[72.79384633227271,18.939374243562554],[72.79380967978976,18.93935397317177],[72.79379852851235,18.939341466976696],[72.79378975962928,18.939327526778527],[72.79363731048143,18.939282543275915],[72.7936130145331,18.93928245650038],[72.79360199350234,18.939285393671465],[72.79356943377644,18.93928645503082],[72.79352982495948,18.939270053222433],[72.79345587026445,18.939274122033105],[72.79340476220777,18.93926093257825],[72.79339899173938,18.939256396472707],[72.79337503190574,18.939242580775286],[72.79330150052597,18.939212059493357],[72.79324616003409,18.93921330762787],[72.7932345582755,18.939218685651127],[72.79315558994001,18.939241884951137],[72.79293014356585,18.939415477377366],[72.79292851049942,18.939421068876648],[72.79292913735955,18.939429921784516],[72.79295086697297,18.9394551117098],[72.79295624444747,18.93946362012443],[72.79295734521536,18.939472382026295],[72.79288393163658,18.93953182214374],[72.79282821446348,18.93948510713934],[72.79277515337675,18.939509572987216],[72.7926658962843,18.939583961307466],[72.79259689826091,18.93965380230044],[72.79255722206128,18.939749665179985],[72.79255556730472,18.939760226051074],[72.79255714809103,18.939767997392703],[72.79260904384083,18.93979853057504],[72.79261915738623,18.9398085947622],[72.79262159718756,18.939815646510866],[72.79262100626157,18.939844636239624],[72.79261268823849,18.939860231939388],[72.7924636585881,18.940030486349666],[72.79244222836759,18.94004901501276],[72.79244102388884,18.94006590122305],[72.79245719410481,18.94008068109424],[72.79254156322604,18.94022675879478],[72.7925791778715,18.94031477316687],[72.79270448107081,18.940454672221644],[72.79272539580037,18.94051715635498],[72.79271903577386,18.940565907168857],[72.79273368074642,18.94058248528283],[72.79278046019326,18.940634048222737],[72.79279079457595,18.940661180880344],[72.7927972094968,18.940694531762347],[72.79279935859662,18.940726872619685],[72.79279650062932,18.9407531418949],[72.79279605291559,18.94077030086454],[72.79281391197449,18.940790778593744],[72.79284436919626,18.940817533884037],[72.79286833138046,18.940830533162032],[72.79291793572291,18.940911273697612],[72.79300258394463,18.941058706725336],[72.79306130966903,18.94118463750341],[72.79308270676266,18.94124604165746],[72.79313880860192,18.941363838206254],[72.79329836300741,18.941698136583305],[72.79330916938602,18.94177313852296],[72.79338498904897,18.941945376857834],[72.79324534660893,18.9427385855121],[72.79337472819641,18.943094088751536],[72.79349018382521,18.94347444305789],[72.79343220525178,18.94386728180901],[72.79341805877951,18.943870256202768],[72.79342790747987,18.943896400588923],[72.79340079970873,18.94408007095242],[72.79339793225795,18.944080672811737],[72.79339945834265,18.944089160998114],[72.79336515151724,18.944248918180786],[72.7931548157666,18.9445444685612],[72.79300231275388,18.94477296760595],[72.79281377463266,18.945034907205983],[72.79269828528928,18.945155463315345],[72.79224584958443,18.945454903420305],[72.79204726087994,18.945701724717917],[72.79196658452209,18.94637605477468],[72.79189888772376,18.94689462936529],[72.79184576984268,18.947385628085183],[72.79175379982033,18.948235749309777],[72.79166515532535,18.948222619522618],[72.79156495879793,18.948846207873178],[72.79155678146928,18.94888220998876],[72.79169715971621,18.948905795760666],[72.79189002813675,18.948908053637847],[72.79189110686194,18.948944889796103],[72.79190120398935,18.949324214813196],[72.79190178341649,18.949340922631794],[72.79226569826169,18.950219934091546],[72.79297819678195,18.951735884644414],[72.79328491057107,18.952388457350562],[72.79331251928564,18.952416101814414],[72.79374822013146,18.953303965561975],[72.79440767282588,18.954466588809776],[72.79441658955652,18.954480575234093],[72.79549384008187,18.95617029136906],[72.79645751149602,18.957811810221248],[72.79661379791172,18.958086993153028],[72.79729390785758,18.959284493035494],[72.79768942551698,18.95990230409867],[72.79866880490931,18.961355761631346],[72.79895431413478,18.96174257084088],[72.79904062189526,18.9618595005516],[72.79912663429778,18.962013228087738],[72.79919160078397,18.96211339542736],[72.79925979925302,18.96223377945104],[72.79932637342465,18.96235580786043],[72.799405789315,18.962510356419646],[72.79946868733023,18.962666123851825],[72.79957201906876,18.96294291307384],[72.79963884791374,18.963136587645746],[72.7996719985024,18.96323266104498],[72.79975893248223,18.96348626534852],[72.79982960478345,18.96370822915223],[72.79990503678866,18.964010689849143],[72.79996550546879,18.96423620197428],[72.79997843970479,18.964284438851255],[72.80005624142571,18.964581089102474],[72.80014010069846,18.964903698667555],[72.80023020809733,18.965290073637473],[72.80029736664098,18.965608212829242],[72.80034769432129,18.965902596685655],[72.80050896324228,18.96676474749898],[72.80065143253475,18.96754316213464],[72.80066515906069,18.96761815993108],[72.80078712721716,18.96827428020902],[72.8009175513023,18.968995532064575],[72.80104093118112,18.969773774788884],[72.80119824692488,18.970607883351487],[72.80122236121188,18.970741045008918],[72.8012674352087,18.970983185797923],[72.80132749110099,18.971239560972716],[72.80134717231088,18.97129630850595],[72.8017755614711,18.972531489161717],[72.80177684583222,18.972535206407382],[72.80177881250934,18.972540455561546],[72.80199251268743,18.973085828897414],[72.80199491283082,18.973091663584288],[72.8021462609329,18.973442553330244],[72.80214965741129,18.97344997683431],[72.80240334936865,18.973974182619937],[72.80240572750176,18.97397891754199],[72.80240583883743,18.973979138532375],[72.8024874722495,18.974132321818473],[72.80258347554624,18.974319379775512],[72.80276067628836,18.974611642366614],[72.80301961064103,18.974987458743364],[72.80330695805111,18.975453631151293],[72.80331151532015,18.975460674167046],[72.80361813439941,18.975912413732868],[72.80397367500426,18.97644441876458],[72.80441704963667,18.977125363125825],[72.80582563716395,18.97928866279128],[72.80651798458076,18.98041872087533],[72.80712331497182,18.981433481872344],[72.8078086006294,18.982616655666757],[72.80838456957908,18.98361419858871],[72.80857790978972,18.98394904957301],[72.80897096008381,18.984636908931396],[72.80941318928113,18.985462954271163],[72.80958982307331,18.985891218917658],[72.81022571572502,18.98754103115383],[72.81052674458418,18.98838642340402],[72.81061454879267,18.988633006485035],[72.8110538989901,18.98986683574577],[72.81140946247284,18.9911877127338],[72.81185288607622,18.99318137663614],[72.81187057024952,18.994572726958154],[72.81183453702327,18.994945102015347],[72.81187155902454,18.995901651370186],[72.81186931504924,18.996048575598824],[72.81175738359418,18.99642965288123],[72.8116656670483,18.9967489833195],[72.81149497942786,18.99734680676523],[72.81145190735377,18.997523915953835],[72.8114002307097,18.997707840567283],[72.81126801687556,18.998175369383578],[72.81136854309058,18.99820120945967],[72.81137650406244,18.998203090077034],[72.8113591863376,18.99827066298965],[72.81135158844559,18.998356655999224],[72.81134823937938,18.99843549590667],[72.81134955025892,18.998546534766643],[72.81134965715763,18.99856870800335],[72.81135100841938,18.99884857027629],[72.81135120344746,18.998920921657625],[72.81135304811686,18.99960690614763],[72.81135304925795,18.999607327073573],[72.81132554385862,18.999834633870236],[72.81132628792844,18.999877275866982],[72.81133203054533,19.000206656320362],[72.81133183384014,19.000242455031934],[72.81133070247284,19.00045031637102],[72.81133052198633,19.000690377920044],[72.81133068446938,19.000903637907346],[72.81133069885901,19.000921048134092],[72.81132947837135,19.001069078329195],[72.8113312661765,19.00114858147703],[72.81134013049842,19.001275318699655],[72.8113525449535,19.001375659947985],[72.81137150356352,19.001483286552773],[72.81138053333414,19.001517313007252],[72.81139142008963,19.001558338108907],[72.81144433968409,19.00171385932149],[72.81151934881015,19.00188162532827],[72.81158511324406,19.0020010937537],[72.81166148071152,19.00213160337213],[72.81172103578825,19.002238456711336],[72.81199351600144,19.00270841175935],[72.8120545284804,19.002813641071068],[72.81239847032305,19.003414269320462],[72.81262513662739,19.003812820278362],[72.81277133472517,19.004058495065586],[72.81283100782386,19.004158771170978],[72.81312176792517,19.00466300246249],[72.81315339487637,19.004715471271833],[72.81317982812692,19.004762883694728],[72.8131996816852,19.004801575128507],[72.8132152161248,19.00483499109911],[72.81324427008563,19.00489491376081],[72.8132835669512,19.004982182309547],[72.81328915762697,19.00499595429027],[72.81331564815754,19.005049741584852],[72.81334583886083,19.00511729114203],[72.8134017869139,19.005242853728493],[72.81342794426139,19.005312327359817],[72.81348315093561,19.0054678806755],[72.81353132134562,19.005624653246542],[72.81357163396012,19.005746693390634],[72.81360862901566,19.00586747491256],[72.8136496883959,19.005999373777946],[72.81368813803252,19.00612708052004],[72.81372959143717,19.0062643682859],[72.81378001022355,19.006432090366705],[72.81383638394374,19.00661784120156],[72.81389500941116,19.00681033970986],[72.8139379801709,19.00695557770184],[72.8139848870779,19.007109611076555],[72.81398513652523,19.00711043327061],[72.814051952928,19.007323184549346],[72.81411847372446,19.00753277095744],[72.81420690951802,19.007811629915185],[72.81425892404188,19.00798468730074],[72.81428872627544,19.00808383856655],[72.81434192666073,19.008255397023408],[72.8143917848785,19.008397205474846],[72.81442613520134,19.008491833753716],[72.81448330011546,19.008625706849553],[72.81452580963288,19.008725133884727],[72.81456337281382,19.008811029611397],[72.8146271544755,19.008944498573477],[72.81470153683574,19.00909097855798],[72.81477339189576,19.00922274185774],[72.81485101855625,19.009355329384526],[72.81491965102275,19.00947552009081],[72.81495421845462,19.009532127810548],[72.81548028649291,19.010397701889737],[72.81597702792179,19.011220402581895],[72.8163162958846,19.011791513913042],[72.8163969648459,19.011951788015093],[72.8164512714546,19.0120704288984],[72.81650384529937,19.0122212645076],[72.81656469656504,19.01239309722588],[72.81658733867273,19.01245703730752],[72.81662611318364,19.01259116690487],[72.8166508946661,19.01270101178537],[72.8166881795049,19.01290515613289],[72.81670992290474,19.013057489086233],[72.81671936519017,19.0131811232753],[72.81672883656333,19.013390597886833],[72.81672973616313,19.013519513603484],[72.81672506168677,19.01367901605808],[72.81671785817363,19.01373904294731],[72.81671022499346,19.013802665101842],[72.81668734766494,19.01393990514672],[72.81664952279743,19.014099684346167],[72.81662223169971,19.01417530782065],[72.81660417402244,19.014257841827085],[72.81659142130155,19.014289313830663],[72.81656525241242,19.014372806990036],[72.81652949245384,19.014510507183566],[72.81650660571017,19.01459776499943],[72.81648944326902,19.01466729648348],[72.81647084821161,19.014739557810415],[72.81645511951359,19.014807723357578],[72.81644224734468,19.014859531435473],[72.81643323283963,19.01489438598971],[72.81642855725747,19.014906632963992],[72.81642607145712,19.014913145808034],[72.8164220407305,19.014921245466656],[72.81641800999166,19.014929346028254],[72.81640726211616,19.014952367438063],[72.81640015386034,19.01496342409129],[72.81635929921397,19.015046772572585],[72.8163263874462,19.015108820597984],[72.81628414274186,19.01519854219608],[72.81624677250223,19.01527743816342],[72.8161450215819,19.015442434004367],[72.81610898041853,19.01549271272302],[72.81605815454314,19.015570788441103],[72.81602264506695,19.01563146707849],[72.81597351937064,19.015726450857517],[72.81594652583466,19.015785936673343],[72.81592707950766,19.01583297281809],[72.81590721861124,19.01588571709322],[72.81588980904597,19.01593698733612],[72.81586707337667,19.016013944371885],[72.81584419937475,19.016110281627753],[72.81582805302959,19.016201728736373],[72.81582016681273,19.016262433936276],[72.8157057428827,19.0181777580723],[72.81552652939885,19.02111446378149],[72.81545565613249,19.022305965184966],[72.81535818465856,19.023854106276037],[72.81535107563047,19.0239072405215],[72.81534389691112,19.023951540201168],[72.8153323582133,19.02401522344857],[72.81531881424661,19.02408155387502],[72.81530763428954,19.024131235637576],[72.81529220695028,19.024194085258493],[72.81527881381135,19.024244374017126],[72.81525930818681,19.024312033052112],[72.81524935411836,19.02434443938285],[72.81523838211001,19.024378722359163],[72.81523183501082,19.024398535290494],[72.81522652064346,19.024414280132437],[72.8152224537274,19.024426138611588],[72.8152058216615,19.024473041624603],[72.81519241697514,19.02450917457376],[72.81518592267328,19.024526183549984],[72.8151744642668,19.024555464013524],[72.81516751844094,19.02457279462297],[72.81515970486741,19.024591918749298],[72.81515052883562,19.02461391895148],[72.81513491599688,19.024650273265134],[72.81512375481053,19.024675488119126],[72.81510840445655,19.02470919902533],[72.81509834877168,19.02473070648578],[72.81508627909167,19.02475596388186],[72.81507622985539,19.0247765419774],[72.81506648991905,19.024796126547926],[72.81505588329425,19.024817060250104],[72.81504680264801,19.02483466909101],[72.81502748508046,19.02487122976793],[72.81501979340813,19.024885459737927],[72.81500928018673,19.024904624180444],[72.81499694631363,19.024926697213203],[72.81495308441521,19.025002030188844],[72.81443098093547,19.025927063632142],[72.81403359042453,19.026677569324963],[72.81439491281175,19.026850621966904],[72.81464088097077,19.026878646224247],[72.8150507624314,19.026588010564964],[72.81551753185128,19.026200473596017],[72.81583000956023,19.025897286765254],[72.81640547614674,19.025360125389174],[72.81691361236008,19.02458633036715],[72.8173718733254,19.02398536659206],[72.81888531474148,19.022876243020892],[72.8189930215474,19.022997980754525],[72.81906077585354,19.02307456582861],[72.81907319858686,19.02308667238826],[72.81908634658923,19.023096255707397],[72.81910055103806,19.02310391854863],[72.81911454308882,19.02310929998835],[72.81912864997777,19.0231128681589],[72.8191390756017,19.023114414757387],[72.81915373774213,19.023115097283156],[72.81916848514844,19.023114049289198],[72.81918491224832,19.02311077113417],[72.81920035609673,19.023105478870697],[72.81920780937286,19.023102059548613],[72.81921837861401,19.023096094626332],[72.81922950580811,19.023088128371093],[72.8192395086823,19.023079060429385],[72.81924876394072,19.02306840659149],[72.81925502669584,19.02305935230464],[72.8192599817393,19.023050513811466],[72.819263236655,19.023043433742505],[72.81926558948228,19.023037289627737],[72.81926701420886,19.02303291034126],[72.81926855499783,19.02302727871745],[72.819270499426,19.02301735240081],[72.81927150213421,19.023007469162156],[72.81927156556776,19.022996859463596],[72.81927114265434,19.022990914716193],[72.8192691519889,19.0229783315615],[72.8192636370617,19.02296057455178],[72.81925540285921,19.022944293864548],[72.81924261881095,19.02292727119208],[72.81882524352855,19.022412374774994],[72.8185785640848,19.02210159940634],[72.81862683947547,19.021995147401366],[72.81865310585195,19.021944321217415],[72.81868307620891,19.0218058764148],[72.81873516052612,19.02134626417111],[72.8187308811125,19.021085661698372],[72.81879275953656,19.020660255914738],[72.81891856648983,19.019848429392805],[72.81892692703585,19.019600151423063],[72.8189538283453,19.019500631301387],[72.8189906513028,19.019425578979227],[72.81926695210548,19.019048970048694],[72.81957563041234,19.018661823627756],[72.8195962413361,19.018691900265217],[72.81961929643765,19.018682749649063],[72.81965803893745,19.01866314388735],[72.81971384551562,19.018641554518425],[72.81974454496716,19.01862968047175],[72.81986092599722,19.018593960034615],[72.82005280429537,19.01854115382349],[72.82009325328306,19.018534000404124],[72.82010178875205,19.018532490613772],[72.82014075999123,19.018526869723136],[72.82015473518524,19.018524853253712],[72.82019870176673,19.018521196234236],[72.82027320804582,19.01851499825015],[72.8203707025231,19.018506887362086],[72.82039694881459,19.018504703105194],[72.82041689050595,19.018500309195122],[72.82044133589021,19.018491303131057],[72.82044326856582,19.018490350420823],[72.82050220747183,19.018461299883214],[72.82052404689044,19.018450330116412],[72.82056766875483,19.018423291064934],[72.82057482353146,19.018418856506138],[72.82057769705108,19.01841654195431],[72.82059097633721,19.01840584154094],[72.82059265591937,19.01840448841436],[72.820601989999,19.018396136880288],[72.82060210242504,19.018396036139304],[72.82060212165122,19.018396018301104],[72.82063161333569,19.018369625487573],[72.82068203088252,19.01831856427788],[72.82072332344006,19.018270596540294],[72.82075635739379,19.018230144869214],[72.8207650628149,19.018218584797864],[72.82076943287562,19.01821278509515],[72.82078086977837,19.018194799011333],[72.82078260972821,19.01819100059764],[72.8207839645296,19.018188043985333],[72.8208135421278,19.01813225682878],[72.82082566589737,19.01810827765852],[72.82087716352763,19.01800502586791],[72.82088283880091,19.017994827378622],[72.82089159979925,19.01796610894089],[72.82090001536841,19.017916172731727],[72.82090103114446,19.017910155526568],[72.82090128265426,19.017906816472816],[72.82090538022285,19.017852640975434],[72.82090435080515,19.017817631636415],[72.82152012765496,19.017715204544647],[72.82209938417763,19.017677013513623],[72.82218136929094,19.017659562791568],[72.82225305162103,19.01760720282613],[72.82230061764527,19.01758934638712],[72.82273644724629,19.01757011261332],[72.8228394376491,19.017591042485503],[72.82301203525337,19.017630657563952],[72.82313957741579,19.017660869072053],[72.82329500182392,19.017695261316717],[72.8234500621284,19.01772297864689],[72.82358263536857,19.017753884109066],[72.82373053712114,19.017787948033458],[72.82389412663882,19.017828433541812],[72.82397155661685,19.01785273237153],[72.8240594075541,19.017884244403234],[72.82416824202082,19.017925724268764],[72.82432740057328,19.017998242490865],[72.82452584009307,19.01810007921301],[72.82471656342592,19.018190043806147],[72.82490430757755,19.01828842034755],[72.82511531019688,19.018405074980034],[72.82530128770736,19.01851920111878],[72.82554405209204,19.018656370724507],[72.82575296688546,19.018773569180542],[72.8259322953782,19.01887770875127],[72.82611834862337,19.01898179089602],[72.82615208950187,19.019001470476738],[72.8263136802336,19.019097069435748],[72.82647294091448,19.019186804049387],[72.82661393691376,19.019270294490386],[72.82689421050671,19.019415136957434],[72.82718672325478,19.019611699534735],[72.82747899881234,19.01977717531904],[72.82798494694812,19.020068057374797],[72.82815990644627,19.020187141241962],[72.82822561801112,19.02022862233963],[72.82830168185048,19.02027342080725],[72.82843576561183,19.0203866875582],[72.82861937959407,19.020539527034863],[72.82887373411468,19.02074930138211],[72.82896715323358,19.02082808699938],[72.82916283441655,19.020993112686444],[72.82933503806468,19.021117077800927],[72.8296331691747,19.021343066825473],[72.82977187142903,19.02147525775684],[72.8299102802095,19.021600226359556],[72.83008605300395,19.02175228420822],[72.83039311175078,19.02199450190814],[72.83073438309601,19.02227831465862],[72.83081936765218,19.022356739396113],[72.83097885434677,19.022502157873564],[72.83128286846653,19.022795796892005],[72.83138906346129,19.02291432103711],[72.83163177436873,19.023164837613255],[72.83187162656336,19.02341709888168],[72.83204187223228,19.02359241048953],[72.83225223593008,19.023817591686342],[72.83241480392323,19.023987340103094],[72.83257015943289,19.024137590146168],[72.83289430918235,19.024447512240286],[72.83325034109332,19.024829078185256],[72.83343078529501,19.02504566694249],[72.83354467801377,19.025198457692337],[72.8341284698006,19.02607182813685],[72.8342366109343,19.026246624845683],[72.83430017319498,19.026356112908218],[72.83433140114352,19.026398987105942],[72.83442229459283,19.02653626897487],[72.83469441615041,19.0269472542543],[72.83493407425176,19.027359327385007],[72.83509969648462,19.027703169578395],[72.83527212513715,19.028066071536244],[72.83541151380034,19.028346664574272],[72.83559961514722,19.028727253278607],[72.83573567633033,19.02902607006133],[72.83582897844335,19.02930413384175],[72.83593091589374,19.02970323556278],[72.83610219005777,19.030188880329227],[72.83626322039984,19.030572734614186],[72.83644872732792,19.03095265285869],[72.83659285656728,19.031267035616814],[72.83663770466636,19.031356096261362],[72.836639449205,19.031362562326],[72.83672819790267,19.031691430262697],[72.83681871012686,19.03190872529606],[72.83692729671384,19.032148304865736],[72.83710118481666,19.032474497358205],[72.83728669016841,19.032846310116096],[72.83737786430514,19.03317262297284],[72.83746165059159,19.03351476734713],[72.83749835436788,19.033772234721685],[72.83750748955404,19.03395932365396],[72.83754695429711,19.03436356799358],[72.83762412594777,19.034946886182087],[72.83771128692281,19.035333696254188],[72.83780875320149,19.035825118254817],[72.83789408775424,19.036223494756644],[72.83795702649226,19.03665202157186],[72.83802374153974,19.037277080393544],[72.83798456060454,19.037676981236206],[72.83798317328703,19.037688691046345],[72.83794945370275,19.038144678393362],[72.83792361877335,19.03872331799604],[72.83789182947814,19.03903592350515],[72.83783502773547,19.03941974309975],[72.83776257200887,19.039774288154092],[72.83767207793316,19.040165358112727],[72.83757982498567,19.04057749114039],[72.83750155849445,19.040914175582003],[72.83746543818833,19.041190348823545],[72.83741939946067,19.04153391778425],[72.83737889336679,19.041908556640198],[72.83736894383402,19.0420463218503],[72.83736169642509,19.04210785062643],[72.8373590020662,19.042149395856633],[72.83735809126198,19.042184725915845],[72.83735953324698,19.04224622191715],[72.83736697631049,19.042324718831694],[72.83737501883915,19.042374541733775],[72.83738228759854,19.04240974994646],[72.8373925993592,19.042451281366745],[72.83739382559084,19.04245551227011],[72.83737585963651,19.043102926527776],[72.83727023545254,19.044055315385812],[72.8364262407103,19.046196626016048],[72.83623049837135,19.046904006030488],[72.83624691582293,19.0474364547087],[72.83654401178273,19.04790566228918],[72.83700835987145,19.04806634726545],[72.83762650463244,19.04801178727979],[72.83762958108203,19.04815568228496],[72.83762998187208,19.048174377113476],[72.83763140478094,19.048175548146357],[72.83765746251966,19.048196928222847],[72.83796300689268,19.048188800447928],[72.8380395395298,19.04820790966788],[72.83803484552773,19.048292534137882],[72.83800472575987,19.048918813048104],[72.83769295885278,19.04922759314734],[72.83742853415669,19.04931836823786],[72.8370875480285,19.049153965525484],[72.83678584908301,19.04903954207184],[72.83643607665948,19.049035441197375],[72.8353933288733,19.049490250368702],[72.83535740084119,19.04948851403745],[72.83467328665645,19.049383919060794],[72.83379565789184,19.04942583133959],[72.83376997381772,19.049421665299974],[72.83371830372086,19.049394528835098],[72.83345978094233,19.04925283842448],[72.83320399820825,19.049106721701467],[72.83234398280234,19.048597717753548],[72.83174022401231,19.047871456605773],[72.8297582427496,19.046051798632153],[72.82976516328209,19.045519625575686],[72.82955991924831,19.04516237559318],[72.82930659910853,19.044915446291647],[72.82872510484287,19.04479771960884],[72.82754342004846,19.04420720495368],[72.82587785881924,19.04316743951309],[72.82485999439928,19.042534484603408],[72.8240925547271,19.0423701984738],[72.82364953113071,19.042364975215975],[72.82321084518527,19.042027144022633],[72.82314581015842,19.041649364658344],[72.82314985845025,19.041338931586736],[72.82306006101581,19.04107174611483],[72.82292016000392,19.041070096105642],[72.82263833344474,19.04122201227681],[72.82256751518344,19.041287708465347],[72.8224762724634,19.041131391757055],[72.82247974339805,19.040865306345925],[72.82255374301639,19.04055569854761],[72.82251058030124,19.040289063046032],[72.822253517881,19.040330384875748],[72.82199240515745,19.04068213919951],[72.82203238475014,19.041192686271593],[72.82203007028274,19.041370076439197],[72.82180332800002,19.041681129059945],[72.82174012036232,19.041645135734843],[72.82160581833827,19.041568969658712],[72.82147074731242,19.041496498634274],[72.82139283015815,19.041456498211456],[72.82131241801098,19.04141656134388],[72.82123897877095,19.041381258211885],[72.82112529825665,19.041328762743348],[72.82102182887732,19.04128320636189],[72.82090384671015,19.0412337752853],[72.82078676714735,19.04118731112149],[72.8207005709349,19.041154724086667],[72.8205986281869,19.041117966873454],[72.82050036157496,19.041084530895606],[72.82040247072442,19.041054981458974],[72.82027816391962,19.041020116952637],[72.82018465351487,19.04099581641398],[72.82011039407763,19.040977680217054],[72.82009285370347,19.040973846535984],[72.81999144639548,19.040951675532074],[72.8199282048231,19.040935280780513],[72.81984805621273,19.04091339600576],[72.81976551588828,19.040889557227413],[72.81970237581328,19.0408704132166],[72.81963341504846,19.040848600888026],[72.81953672133226,19.04085118819961],[72.8192416538236,19.040859086922175],[72.81908614252778,19.040957701369496],[72.8189789920877,19.041052850494747],[72.81893295720991,19.04106292510426],[72.81888386599965,19.04107495072757],[72.81879033595544,19.0412725658863],[72.81870062834565,19.04135209065365],[72.81864238333192,19.041419386014223],[72.81859834376701,19.04150469556014],[72.81853741615741,19.041669180908602],[72.81849129446535,19.041711120286394],[72.81840799745048,19.041786864324724],[72.81840143314227,19.041792833063695],[72.81807541119632,19.041682896455015],[72.8180228406683,19.041826884896917],[72.81816609764641,19.04188995075896],[72.8181977083134,19.041903866665564],[72.81812601564576,19.042100169324772],[72.81809980026267,19.042321630816236],[72.81769761435204,19.042760418720768],[72.81771327892879,19.04284856233094],[72.8175893816169,19.042870577654696],[72.81730579837505,19.042920764554825],[72.81728818580835,19.042926045685352],[72.81727094650692,19.04293234748716],[72.8172541488603,19.04293964648989],[72.81723785648646,19.04294791222987],[72.81723136128647,19.042951675000747],[72.81722448389306,19.042955657545136],[72.81721518409508,19.042964148186428],[72.81720952538825,19.042970324491847],[72.81720434450371,19.042976870636316],[72.81719966622168,19.04298375107217],[72.81719551775353,19.042990930280528],[72.81719207194377,19.042998020681928],[72.81718914135489,19.043005317191067],[72.81718674101228,19.043012786457208],[72.81718487866301,19.043020393887414],[72.81718356450044,19.04302810376151],[72.81718280505604,19.04303588147216],[72.81718260324479,19.04304369005696],[72.81718296076612,19.04305149253909],[72.81721846400438,19.0432385086238],[72.81722680013547,19.04328241848376],[72.81729576680486,19.043654865712124],[72.8174007353302,19.044147140421643],[72.81792852777471,19.044950659086414],[72.81801589864538,19.045000133783333],[72.81808473363029,19.04498879991144],[72.81822051993205,19.044966438961673],[72.81864041302374,19.04556588367135],[72.81994203532452,19.04826407088637],[72.81996570710449,19.04831455384888],[72.81999363544956,19.048372722232713],[72.82001260533174,19.048412748768452],[72.8200312879221,19.048452736682222],[72.82004718724109,19.048486561384994],[72.82006449676703,19.04852317390459],[72.82008200417438,19.048559981152177],[72.82009687083205,19.0485910577213],[72.82011691003088,19.048632703756553],[72.82013149332339,19.04866278701896],[72.82013989814476,19.048680122947413],[72.82016326919027,19.048727968475834],[72.82018197189078,19.048765985734878],[72.82019822316947,19.048798830048973],[72.82021436270153,19.04883128554958],[72.82024013891262,19.048882758918346],[72.82027210998322,19.04894601875509],[72.82030676982026,19.049013881676707],[72.82033131689629,19.049061507142262],[72.82035191564236,19.049101191597533],[72.82037708644661,19.04914935282553],[72.82039439136894,19.049182255639533],[72.82042092720482,19.049232374966135],[72.8204493374283,19.049285597402093],[72.82047899968136,19.04934070253636],[72.82050152258637,19.04938222884536],[72.82052062001722,19.0494172339025],[72.8205469293171,19.049465140298125],[72.82057355306199,19.049513262667997],[72.8206018177058,19.049563966021864],[72.82063039194789,19.0496148202585],[72.82065465734887,19.049657698520015],[72.82067706073752,19.049697036644062],[72.82071334414249,19.04976024800453],[72.82072897041321,19.049787288775686],[72.82075088850472,19.04982502331956],[72.82077355076922,19.049863816222526],[72.82080105923794,19.049910607698163],[72.82087664472154,19.05002904430343],[72.82090135331269,19.050068107045554],[72.82092341124327,19.050104085509496],[72.82094923876178,19.050147659626308],[72.82096957998137,19.05018315444679],[72.82099338265897,19.05022612837514],[72.82101580087908,19.05026812399441],[72.82103112535795,19.050297769757435],[72.82104862359846,19.050332615886838],[72.82108698182556,19.050413132599385],[72.82111274560397,19.05047083090812],[72.82113046100476,19.050512471103456],[72.82114549894918,19.050549222925618],[72.82115663799564,19.050577370448817],[72.82118843926024,19.05067702808148],[72.82120855117262,19.050744346049587],[72.82122512543832,19.05082063844295],[72.82123507425462,19.050877231383872],[72.82124211904397,19.050914935674182],[72.82125230178318,19.05097718298737],[72.82126708021507,19.051042757933086],[72.82127781404361,19.051095246760568],[72.82128568292097,19.05113712835865],[72.82129517451457,19.051192658197838],[72.82130227294077,19.05123884008439],[72.82132375213388,19.05136854062031],[72.82133614034817,19.05143320035089],[72.82134587592152,19.05148401451273],[72.82135810326375,19.0515478287112],[72.82137104984145,19.05161541161554],[72.82138160520836,19.051670514133413],[72.8213925270408,19.051727522311264],[72.82139955048093,19.05176417406513],[72.82140970126329,19.05181716362857],[72.82142221929315,19.05188250593693],[72.82143502404897,19.051944658655948],[72.82144266380219,19.051978704595893],[72.82145399034029,19.0520281456395],[72.82146320967742,19.052067505962533],[72.82147171468242,19.05210315905793],[72.82147976641129,19.052136353584572],[72.82149166324331,19.052184458234283],[72.82150549097132,19.052239052022067],[72.82151814357059,19.0522878376101],[72.82153304377981,19.05234395428806],[72.8215451788876,19.052388652899037],[72.82155942004087,19.05244003059106],[72.8215741136458,19.05249189415186],[72.82159130368987,19.05255116490307],[72.82160499143566,19.052597351426417],[72.82161403692803,19.052627406258665],[72.8216349167632,19.052695444125764],[72.82164922214436,19.05274103366849],[72.82167395674617,19.052818007699305],[72.82169371459034,19.052877915745718],[72.82171144517298,19.05293056756318],[72.82172996552958,19.052984496862184],[72.82174063764943,19.053015102908844],[72.8217493096157,19.05303972210841],[72.82175218048755,19.05304777050765],[72.82176687871186,19.053088957745885],[72.82179227743366,19.053158652219466],[72.82181113200775,19.053209322031616],[72.82183429431193,19.053270393000208],[72.82185203988905,19.053315063904197],[72.82186792052157,19.053352049648357],[72.82188647889237,19.05339332581199],[72.82190244041693,19.053427318248378],[72.8219240489343,19.053471353708108],[72.8219487741483,19.053519234951764],[72.82197481511064,19.053567104629714],[72.82199203228407,19.053597469093532],[72.82202128580148,19.05364693660064],[72.82204327277834,19.053682505876267],[72.82205930520385,19.05370765274738],[72.82207909717648,19.053737826307557],[72.8221039066256,19.05377438724327],[72.82212277686733,19.053801314490467],[72.82214977667824,19.053838609424837],[72.82217366063396,19.05387046706358],[72.82219127049375,19.053893313011823],[72.82221753164673,19.053926436156694],[72.82223376614611,19.053946367348395],[72.82225280522167,19.05396924190608],[72.822277137957,19.05399772217495],[72.82230863217849,19.05403338197938],[72.82235139951366,19.054086949835785],[72.82237762398226,19.05412135965561],[72.82237951914462,19.05412331316721],[72.82240306580947,19.05414703397159],[72.8224265234884,19.05417007719162],[72.82245241299069,19.05419485805628],[72.82247870529288,19.054219344697938],[72.8225083702164,19.054246192488815],[72.82253457208328,19.054269240088146],[72.8225571589572,19.054288629319977],[72.82261412066022,19.054335640902384],[72.82266099280972,19.054372384507595],[72.82270392875256,19.05440460876857],[72.82275337714631,19.05444010647281],[72.82281377739115,19.05448123509497],[72.822874993702,19.05452053793394],[72.8229254662411,19.054551516096776],[72.8229792006953,19.054585188286918],[72.82302020251818,19.054611610687115],[72.82308809217879,19.05465678654263],[72.82314438274237,19.05469563464992],[72.82320183258933,19.05473663621314],[72.82327646920666,19.054792017920818],[72.82330645127539,19.054814961898966],[72.82334719049916,19.05484681235905],[72.82340136680983,19.054890386528722],[72.8234448645682,19.054926384710626],[72.82346213506838,19.054939735239298],[72.82349725523845,19.054969223319382],[72.82352766997973,19.05499781405083],[72.82353310893984,19.055003535292975],[72.82340347879637,19.055002755178453],[72.8234100774854,19.055026311093],[72.82345071040372,19.055255792613504],[72.82345372481318,19.055272821358386],[72.82348433195068,19.055478253312103],[72.82348456333996,19.055622087601105],[72.8234763106854,19.05586867224196],[72.82352396466125,19.05591791676712],[72.82373727863913,19.05592948464807],[72.82373061950537,19.055979186146143],[72.82372109369183,19.056038028677865],[72.82372003222517,19.05604344033217],[72.8231823517494,19.056014792700868],[72.82315745762095,19.056140036604113],[72.82313215651246,19.056222026232025],[72.82311340377034,19.0562827967502],[72.82305581140471,19.056387157258172],[72.82298671795658,19.056522637506998],[72.82292912254283,19.05662516888511],[72.82288225261013,19.05672115234585],[72.82321686492541,19.056839797015193],[72.82293539057028,19.05713950576181],[72.82252272294883,19.057329653900492],[72.82238905434032,19.05738172420369],[72.82230502237425,19.05730328490732],[72.82125397540023,19.05812726719573],[72.82117662028307,19.058644671165112],[72.8205264646023,19.058981027550406],[72.82122466751704,19.06025354182767],[72.82127652406348,19.060769561960427],[72.8213325664104,19.060965243085768],[72.82140063957415,19.061290890196762],[72.82160805844026,19.062366790034233],[72.82195104724572,19.062317480413068],[72.82195904623306,19.062351706689398],[72.82212917825993,19.06278554405572],[72.82228302600979,19.063344558440175],[72.82258062398564,19.064114219321564],[72.82273574734269,19.06457573901028],[72.8227548564466,19.06535604118763],[72.82264504418134,19.065911941930054],[72.82240048754058,19.06668913009398],[72.82220296618505,19.067230064412232],[72.82212390231673,19.067674888278134],[72.82211953464655,19.068009154980224],[72.822260192884,19.0684565742756],[72.82238492974126,19.06900131497915],[72.82239284479124,19.06951681587607],[72.82238024525721,19.0695751908915],[72.8220497897063,19.07027085222575],[72.82178282504847,19.071073487556955],[72.82158247675062,19.071898114494072],[72.82149763999544,19.072416633940204],[72.82144176420465,19.073194570236144],[72.82144292587247,19.07322333939738],[72.8213141209168,19.07321867066928],[72.82127428206533,19.07321722744244],[72.82126159871046,19.07384750319811],[72.82131512450277,19.073849724455716],[72.82135900550301,19.07385154608929],[72.8214780102827,19.074097599036868],[72.82152862882396,19.074180716991968],[72.82182923491753,19.07461428156503],[72.82186920513114,19.074831860083844],[72.82186483518383,19.075166126506335],[72.82165010071336,19.075901874168395],[72.82139360293586,19.076469968752527],[72.8213885030709,19.076859946033146],[72.8215146973275,19.0772932651226],[72.8219739662053,19.077578825764828],[72.82199129551,19.077638749067557],[72.82203263655639,19.07776403854456],[72.82208334801165,19.077898468310497],[72.82213961668188,19.078044810838968],[72.822197330766,19.078169707622408],[72.82226806142297,19.078299896160523],[72.82234956234441,19.07843223984579],[72.82242189509573,19.078540819126214],[72.8225101153754,19.078655724134563],[72.8226066704536,19.078764861274845],[72.82271835208583,19.078872401250784],[72.8228395160392,19.07897132309219],[72.82294909806141,19.07904795845601],[72.82310814476777,19.07913678704938],[72.82325176513031,19.07920243740807],[72.82337830979868,19.079254705820055],[72.82342097256137,19.079269550673096],[72.8234020993953,19.07929552231117],[72.82338960619413,19.079312714365994],[72.82337969620683,19.079326351665728],[72.82330815223811,19.07939574865279],[72.82324126993889,19.079481472372375],[72.82323408811914,19.079490677223987],[72.82320487336757,19.07962444239283],[72.8232049962408,19.07970232115561],[72.82320503693988,19.079727773188853],[72.82320667165085,19.079751293441692],[72.82321289389753,19.079840818685412],[72.8231904917071,19.079974215154085],[72.82314169282505,19.080264792658642],[72.82310080335337,19.080508271940413],[72.8230470256806,19.080828493314606],[72.82300741088693,19.081064380222013],[72.82299923861724,19.081114770436084],[72.82295486236917,19.08138839456775],[72.82294785585094,19.08143159672963],[72.8229075695498,19.08171825227665],[72.8229069466392,19.081722684650874],[72.82288616211054,19.08182220347003],[72.82284595480232,19.081866646057616],[72.82280894448448,19.081894251209196],[72.82276970985735,19.081909666295893],[72.82272683060833,19.08192651333905],[72.82267212017271,19.08196791608415],[72.82266091029352,19.082004059955672],[72.82265929750146,19.082009260021728],[72.8226690275438,19.082049041439138],[72.82270938739934,19.08210102381705],[72.82291459544811,19.082258934759967],[72.82291585917763,19.08225990723957],[72.82304331179216,19.08231143991503],[72.82308203374095,19.082346587788763],[72.82309224573585,19.082371174840077],[72.82309982298892,19.082389418384327],[72.82310058549922,19.08242802663406],[72.82309342554119,19.08243703293817],[72.8232404521191,19.082665081367562],[72.8233998507025,19.082912318682766],[72.82311132197042,19.0830951400717],[72.823258074591,19.083230648672394],[72.8233298245815,19.08332315680471],[72.82335262464113,19.0833729723387],[72.82338223696162,19.08349966496578],[72.82339019764346,19.083688034509652],[72.82389973032575,19.08368765852658],[72.82404542778009,19.08391364157061],[72.82413692207336,19.084039559612716],[72.8242480774312,19.084269422174003],[72.82429209368108,19.084359943103223],[72.82429220375876,19.084360171117627],[72.8242930855072,19.08436198169747],[72.82429314285591,19.084362100699796],[72.82429316232026,19.084362137962703],[72.82429350464258,19.08436284202004],[72.82429389227158,19.084363641453155],[72.82429403384387,19.084363931260135],[72.82429405140839,19.084363968500583],[72.82429432244012,19.084364529906615],[72.8243561664522,19.084491709094817],[72.82448966822551,19.08477142178283],[72.82459073935595,19.084982247563435],[72.82470586149942,19.085217703605817],[72.8248134543495,19.085434566824105],[72.82494211267823,19.0857000583199],[72.82506401077359,19.08594997929113],[72.82512199222265,19.08606913524351],[72.82517210552294,19.086172125049412],[72.82527976152737,19.086396167819075],[72.82539603386888,19.086642842805045],[72.8255448050658,19.08696020002835],[72.82562993218038,19.087143920514183],[72.82581831891382,19.087623491111664],[72.8258263105983,19.08764010669508],[72.82586522276435,19.08772807778406],[72.8260227458871,19.088084214106445],[72.82615255197388,19.08838111899987],[72.82617576246835,19.08848589658792],[72.82624095972585,19.088797124947703],[72.82631359155698,19.089154124467797],[72.82639296841062,19.089540075806617],[72.82645700156986,19.08985988296494],[72.8265314011414,19.090219874982637],[72.82654200567859,19.09026829574243],[72.82653524332743,19.090627953223205],[72.82653104086475,19.09083113108989],[72.82652673355354,19.091039425501553],[72.82652291675898,19.091264941549365],[72.82651966519941,19.09144578343524],[72.82651799019479,19.09153913663278],[72.82651211968322,19.09184887229453],[72.82650826365509,19.092080072883192],[72.82650121613263,19.09235667896181],[72.82649554764257,19.092650344636734],[72.82649327067159,19.092773708258225],[72.82647455816515,19.092958303076028],[72.82643680184785,19.093325055433414],[72.82642678849528,19.09351880702782],[72.82641647668314,19.093736572375064],[72.82640631228983,19.09397156343134],[72.82639343751131,19.094276656739275],[72.82636932818502,19.09469103465502],[72.82634902173162,19.09502090111349],[72.82633682104817,19.095281919470168],[72.82631062822283,19.09568184251894],[72.82628849567382,19.09603269231692],[72.82627095218002,19.096292903283754],[72.82627002642536,19.09634508092495],[72.82626882990326,19.09639012876948],[72.82625930960864,19.09642802581503],[72.82620993514331,19.096559467472673],[72.82617048524467,19.096694212021617],[72.8260555617122,19.096967866944155],[72.82601186912989,19.097105527596575],[72.82585335336105,19.09760282938003],[72.82584408005556,19.097631916347424],[72.82580995310624,19.09774019352198],[72.82576850099763,19.097871705950414],[72.82567230706206,19.09818874859217],[72.8253987794657,19.098927754415786],[72.82535404060013,19.099075512445793],[72.8245933863892,19.10133836584489],[72.82415475710157,19.10289704738568],[72.82401716874536,19.103823137545053],[72.82386165131948,19.105053836540396],[72.82369444505062,19.10611210669135],[72.82332410144906,19.107777615874355],[72.82307133973254,19.108980656577835],[72.82285061737844,19.109866001677183],[72.82233720736681,19.111808128523002],[72.8219580993342,19.113075936036452],[72.82139150854262,19.11481863238257],[72.82059977108449,19.116717695206585],[72.81910770607189,19.11992050199077],[72.81800672201626,19.121862965435735],[72.81673950448734,19.123592351874972],[72.81471970273722,19.12699640003414],[72.81353947929146,19.129187199649397],[72.81345604399068,19.129303432448573],[72.8130549578917,19.12986268221218],[72.81299190090665,19.129934779001182],[72.81283322208203,19.130104758160254],[72.81274941237754,19.1301994092434],[72.81265772744867,19.130301122016803],[72.81253689286952,19.130433972891883],[72.81213820647504,19.13086838181627],[72.81175271434353,19.131295486904303],[72.8113912125371,19.131690101822745],[72.8110557423482,19.132172086773984],[72.81082088451616,19.13251238283952],[72.8106810388857,19.132709347689303],[72.81053093669087,19.13285256162424],[72.81042465489844,19.133059991603986],[72.81030402092222,19.13328500717912],[72.81022054530632,19.133458582658097],[72.8101357784794,19.13362296945671],[72.81004483414766,19.133714658997846],[72.80982730254055,19.133947710205376],[72.80971679850423,19.134060621012814],[72.80933976089933,19.134466968402442],[72.80930042849148,19.134509025691514],[72.80924892302498,19.13457076025149],[72.80919904482836,19.13461820787544],[72.80908001890396,19.13474849692178],[72.80887280040466,19.134969382076907],[72.80869987445736,19.13515605664361],[72.80846481153458,19.135402739822645],[72.80815880740981,19.135711569065748],[72.80804821560001,19.13582821517721],[72.80755927245346,19.136313780170315],[72.807225030281,19.136663681188782],[72.80693185143312,19.136978606927016],[72.80659446418865,19.137328114044372],[72.80643515054936,19.137501927454416],[72.8063173796976,19.1376118487617],[72.80587823317798,19.13810526010619],[72.80537115466451,19.138667509834637],[72.80519555120644,19.13882952900939],[72.79652770778853,19.133862440856603],[72.79634940299488,19.133792597549885],[72.79564767426719,19.13338655647932],[72.79518471150601,19.133110578266194],[72.79485111322603,19.132918434815814],[72.79487198750105,19.132825147066104],[72.7948805795448,19.132845743438093],[72.79489269911315,19.132861263538107],[72.79490501658289,19.1328703965864],[72.79492077185743,19.132877631643147],[72.7949362146496,19.13288127533432],[72.79495554998125,19.132881553324626],[72.79497674188366,19.132875846221676],[72.79499493163719,19.132865064005006],[72.79500761851152,19.132851458230782],[72.79501729421857,19.132833456462976],[72.7950210600672,19.132813937742988],[72.7950182890802,19.132790809000767],[72.79501182462239,19.132773660479042],[72.79499589858048,19.132755811372352],[72.79498152405736,19.132745432494303],[72.79496456631976,19.132739294892335],[72.79494852451379,19.13273717860159],[72.79493655018106,19.13273949174755],[72.79494805697179,19.132663532022804],[72.79498239437858,19.132443628842083],[72.79501320534035,19.13225397847245],[72.79502436059326,19.13227613384102],[72.79503584427904,19.132288798429197],[72.79505183887419,19.13229947763495],[72.79507019323808,19.132306353654634],[72.79509317755515,19.132307360036098],[72.79511000504658,19.13230326340504],[72.79513611706791,19.132289151148896],[72.79515195357442,19.132269507127873],[72.7951601530062,19.132246022216318],[72.7951563136431,19.132214533942008],[72.79514472014456,19.132192961324684],[72.79513137183535,19.132180590509005],[72.79511276970358,19.132170188037136],[72.79509472923449,19.132165438370418],[72.79507766799654,19.13216495283824],[72.79505988810203,19.13216985185179],[72.79504129690147,19.13212076340041],[72.79516423201562,19.131616674701924],[72.79470251581056,19.13143044805418],[72.79435549500089,19.131289779528707],[72.79404133913528,19.131092466904235],[72.79382962553109,19.131011110931507],[72.79359636136144,19.130925368356596],[72.79298860406675,19.130702165506083],[72.792773165109,19.130819048830144],[72.79261627844372,19.130904163932264],[72.79223301256866,19.13111770071683],[72.79204775908725,19.131222724940123],[72.79203729657438,19.131214903806846],[72.79181366413114,19.13133740579631],[72.79152981238254,19.13130837982245],[72.7904067168551,19.131200651579185],[72.7896216975659,19.131131314031975],[72.78922803725548,19.130764658770076],[72.78896752548128,19.13052079780389],[72.78889084032872,19.13045986626221],[72.7888750283183,19.13044765328337],[72.78884540670148,19.130424789595022],[72.78879942934107,19.130389298121457],[72.78877054249115,19.13036699332316],[72.78872662420642,19.130333091885785],[72.78814159582105,19.12987591503099],[72.78797441892297,19.129920879506578],[72.78779069732438,19.12996583623442],[72.78751010912953,19.13001175781736],[72.78720274023522,19.130063326942825],[72.78718985396762,19.130274399606833],[72.78738254567708,19.13030457500494],[72.78803057554671,19.130426529341953],[72.78802170773226,19.13077698355477],[72.78795135792929,19.13105372387829],[72.78795038610835,19.131058906623117],[72.78779148295992,19.131682692635266],[72.78770320665966,19.13229984149193],[72.78765595230142,19.132664075622138],[72.78768274609789,19.13293973657439],[72.78775544594828,19.133563871556508],[72.7879356060689,19.133821462077297],[72.78801149727254,19.13399286681353],[72.7880736999365,19.134280145707038],[72.78818267939207,19.134515798303795],[72.78818794387844,19.134556488630295],[72.78818848351031,19.13456006737136],[72.78818953149488,19.134565007064058],[72.78821055953603,19.134651464614013],[72.78821065260438,19.13465182611994],[72.78821213685201,19.13465704654502],[72.78821351299872,19.13466096502793],[72.7882365493564,19.13472150526684],[72.78823701913784,19.134722694141885],[72.788239214395,19.134727688283984],[72.7882410110743,19.13473121350533],[72.78827523652345,19.134794400236387],[72.78827582286442,19.134795471288395],[72.78827636843216,19.134796464172585],[72.78830149703025,19.134841339689416],[72.78827026334186,19.13522262175827],[72.78830136123885,19.13565909017284],[72.78837321605022,19.136552313076834],[72.78851345439698,19.13715756039684],[72.78851863699855,19.137413659424894],[72.78853970198698,19.13845465262629],[72.78854187245551,19.13862566699903],[72.7885440472261,19.138796999355698],[72.7885522485292,19.13927848791766],[72.78849422349734,19.139401702846087],[72.78847493445727,19.13945068734937],[72.78846575613746,19.13947399837496],[72.788130551165,19.140263868213722],[72.78817902910626,19.140435035236205],[72.78817793707768,19.14059622838227],[72.78819884649107,19.14161767796053],[72.78767617878103,19.142120857049072],[72.78797502742519,19.143105720740156],[72.7881713185785,19.14342575968266],[72.78817507678299,19.143701124184407],[72.78821662770365,19.143927527299883],[72.78839797231885,19.144254445660245],[72.78855205555013,19.144397489607584],[72.78864512503218,19.14465981010265],[72.78883521475738,19.14488800083047],[72.78898215170261,19.145567478166903],[72.78904908572878,19.146118922241058],[72.78913980315446,19.14711539905796],[72.78914431195207,19.147891994873955],[72.78906278322178,19.148685278668033],[72.78872584401392,19.14975065741708],[72.78843401619203,19.150467209581524],[72.78825068306676,19.150846213234495],[72.78808286220166,19.1511759871409],[72.7878557171648,19.15149798693203],[72.78752947575501,19.15200939814523],[72.78713695202315,19.152477653286024],[72.78664702412948,19.15300826869073],[72.78621134488799,19.153370109477034],[72.78571643394132,19.153717116054633],[72.78522236922973,19.15400059623388],[72.78496776757522,19.15415283368265],[72.78465421844227,19.154269062442847],[72.78447426612134,19.154393961726456],[72.78441258483834,19.15456264435028],[72.78435014905702,19.154787793382944],[72.78434864041274,19.154900726308913],[72.78434013531955,19.155161256732207],[72.78433934065264,19.155161761980125],[72.78433434013006,19.155231004791855],[72.78431334262726,19.155521652313116],[72.78426475046045,19.156194286314996],[72.78417135427603,19.156494021865054],[72.78404666850204,19.156930202827724],[72.78397060228697,19.157063414322472],[72.78389481890726,19.15717545086218],[72.78377343322433,19.157364590876934],[72.7836381357241,19.157482968458993],[72.78331630275368,19.157662629222198],[72.78292818821924,19.15779913248249],[72.7826513906374,19.157944038520412],[72.78244361063744,19.15792741051921],[72.78214670129017,19.157909705843977],[72.78190168980375,19.157899686998515],[72.78171600357209,19.157897443948574],[72.78165478995521,19.158030833689267],[72.78169032210045,19.158151273316033],[72.78180003449845,19.158279668498924],[72.78197498937321,19.15852886207013],[72.78215727781108,19.15878520353847],[72.7823326113029,19.159006163711073],[72.78259068617564,19.15915046916408],[72.7828784715654,19.159295133039333],[72.7830922653419,19.15941772482712],[72.78330671996808,19.159490908330337],[72.78356240209989,19.15947849609975],[72.7837944825554,19.159795698849315],[72.78374659528183,19.160671778293224],[72.78368405874676,19.160876997826634],[72.7835948996834,19.1612733658634],[72.7835329311178,19.161463222622206],[72.7832968239436,19.161898057224725],[72.78319038321396,19.16208031740019],[72.7828882747552,19.16245081942824],[72.78245913910258,19.16287626200864],[72.7821657771429,19.163148036136555],[72.78167852533481,19.16348334013256],[72.78161294498298,19.163565352328025],[72.78140641823768,19.16382362562288],[72.78126198525761,19.164068960082503],[72.78116945148783,19.16432198108429],[72.78109196183425,19.16456106497487],[72.78107398842326,19.164793808816274],[72.78110800932618,19.16502718113013],[72.78112050278848,19.16520381783651],[72.7812615033027,19.165386331701942],[72.7814525880845,19.165835253116562],[72.78148462010823,19.16614504820319],[72.78160616400348,19.166524682450962],[72.78163911641606,19.166765731336394],[72.78167183885942,19.16702396678653],[72.78185132322096,19.167129271855856],[72.7822682315585,19.16706555212689],[72.78263065043097,19.167018362578915],[72.78337219512017,19.167027319061358],[72.78369729183939,19.16706562337598],[72.78400591077498,19.166983402727222],[72.78437200521985,19.1666612243136],[72.78453708039747,19.166491323182132],[72.78459802863863,19.16639182786852],[72.7848840948464,19.16632109539969],[72.78529369901072,19.16639843118456],[72.78612693727925,19.166543540994322],[72.78735910519283,19.167690549931976],[72.7876869459284,19.16840512280369],[72.78810177299229,19.168771135036884],[72.78836488991257,19.169300149837223],[72.78864260359875,19.169841142639193],[72.78866329929261,19.16985404973011],[72.78883007655713,19.16996039464118],[72.7888624094323,19.169981010000917],[72.78898783234268,19.170060984703355],[72.78979471845335,19.17057424387161],[72.7901415288204,19.1707806432614],[72.79029856176828,19.17087447384979],[72.79051638304902,19.17101040912975],[72.79072978513777,19.171053984463992],[72.79106732188268,19.171117456864636],[72.79155499893896,19.171208275873123],[72.79197716489807,19.171295287782076],[72.79249526996547,19.171395173916707],[72.79251396186103,19.17139877770905],[72.79254230046726,19.171401838001753],[72.79315553435322,19.171853304068144],[72.79326648977523,19.17222928324065],[72.79344349114763,19.17287051175699],[72.79359759796628,19.173489426962266],[72.7941212651735,19.174222974801356],[72.79541580182332,19.178029060240064],[72.79584262537064,19.179069972342326],[72.79606191636803,19.18002023890748],[72.79594628373556,19.181737809770315],[72.79573993795496,19.183300024356544],[72.7960202976451,19.18489012527526],[72.79622639556023,19.186831940728275],[72.79621700971508,19.187537042031657],[72.7960174005171,19.18859246413321],[72.79546522269915,19.189996254253135],[72.79538596401655,19.1907225528272],[72.79558559032048,19.19140812852156],[72.79594345185058,19.192404137282942],[72.79623555572415,19.193112862123062],[72.79655349411107,19.193623555831074],[72.79652238101582,19.194218206015798],[72.79655996348785,19.194879795570788],[72.79643285335759,19.195715708962712],[72.79640267525629,19.196165982768843],[72.794661679168,19.19598797424831],[72.79295349455063,19.195586607346723],[72.79273551820775,19.195344981256113],[72.79251763285713,19.195251271987193],[72.79240999196858,19.195106840972695],[72.79234369284039,19.194943389416384],[72.79225806821324,19.194688619306675],[72.7922526966664,19.194577950434574],[72.79214514322472,19.19442701425571],[72.79197570804706,19.194294851162354],[72.79184735416801,19.19416318273372],[72.79173312811007,19.19399915374001],[72.79164550829735,19.193894000342514],[72.79151784941195,19.193710291078222],[72.79128081563586,19.19351225188153],[72.7909746198951,19.19336542814031],[72.79072952481549,19.19325837695011],[72.79051146979451,19.193177675783264],[72.79028604712725,19.19313592235688],[72.79011505135159,19.19312084914429],[72.78973856549436,19.193109804761793],[72.78945784770544,19.193106420426343],[72.78863162829919,19.19344128122415],[72.7884239646223,19.193607935387668],[72.78828529008986,19.19373638484271],[72.78809868779142,19.193864255949364],[72.787802797198,19.193971289842544],[72.78762434552883,19.194001667062413],[72.78735732023624,19.193998444605047],[72.7872823533268,19.193971515384092],[72.78701689389422,19.19385120135349],[72.78671563500318,19.19384756476233],[72.78658580695156,19.193826479100768],[72.78649792974767,19.1937408387373],[72.78610264358709,19.193599437644732],[72.78590373890165,19.193623060125987],[72.78582096834963,19.19366760327082],[72.7856700780335,19.19368529922186],[72.78563584414113,19.19368488574994],[72.7855059293935,19.193670304386778],[72.78526829436203,19.193517793536223],[72.7850164438832,19.19340414727106],[72.78475765996542,19.193296923037707],[72.78453189101674,19.193281182830024],[72.78421061597238,19.193238263722368],[72.78393674575464,19.193234953661968],[72.78371625586456,19.193336386050458],[72.78352228152482,19.193503199707717],[72.78332102435687,19.19370245558347],[72.78311405275099,19.193817062794903],[72.78264206121534,19.19377882450071],[72.78234642973516,19.193866334100104],[72.78221485907625,19.193975346176643],[72.78215851565601,19.194091774269396],[72.78204635169332,19.194285600172766],[72.78182109627552,19.194437914410322],[72.7817553357415,19.19444805668556],[72.78166687279864,19.19454525158854],[72.78166608590004,19.194547076496832],[72.78157167560917,19.19476602321556],[72.78157364558791,19.1950317991019],[72.78157695168797,19.19504090106454],[72.78165776467476,19.19526334908169],[72.7822037826986,19.19676629485161],[72.78241084859513,19.197336247743586],[72.7824303645804,19.198110338843748],[72.78242423416961,19.19856772428275],[72.78241973842444,19.198903140236403],[72.78244733788219,19.19923894451457],[72.7825697248758,19.199687718946535],[72.78265258798176,19.199892036780586],[72.78285999841042,19.20030453723228],[72.7831281011158,19.200513679263704],[72.78332397461216,19.200721947373395],[72.78363049205477,19.200759970751538],[72.78417198690343,19.200783676344866],[72.78462365408323,19.20077197802907],[72.78496158983202,19.200750737294833],[72.78498480406108,19.200776342979527],[72.78542705524421,19.201468018181682],[72.78574497301169,19.20200376599626],[72.78575935641832,19.2022784722215],[72.78584160748588,19.202880005619697],[72.78570303120634,19.203787719908934],[72.78542320529023,19.20445351110549],[72.78503571827305,19.20506652559496],[72.78454148868032,19.205558140589194],[72.78426740064457,19.205795042224214],[72.78375602811607,19.206217814370316],[72.78234072969383,19.206703786860434],[72.78231815782077,19.20670573016284],[72.78231751058787,19.206705784651174],[72.78202785561257,19.206766050171847],[72.78170213674957,19.20677991007544],[72.78121418709503,19.20661452728297],[72.7808633057096,19.206447626112627],[72.78066152733817,19.206333359040688],[72.78051378922025,19.206179083345397],[72.78031078365375,19.20615629279943],[72.78008256022501,19.20641783748619],[72.78008984815122,19.20667206948632],[72.7801164873007,19.20707902217444],[72.78016411502216,19.20751672634923],[72.78024438560166,19.20791416299976],[72.78029255941644,19.208311210787937],[72.78033044365979,19.208677636663815],[72.78045432967315,19.209014607166036],[72.78047040683586,19.209411266098392],[72.78048921271967,19.209604643151554],[72.78049731949663,19.20979789055217],[72.78037376220838,19.210233520765627],[72.78044401695183,19.210580007322793],[72.78074979014494,19.210919181269652],[72.78102292130782,19.211298622459058],[72.78108329692671,19.21158399472832],[72.78127097229684,19.211952234806386],[72.78133066644077,19.212288427515265],[72.78145387445606,19.212676218205367],[72.7814860322951,19.213469536144235],[72.78153311806297,19.213947896613753],[72.78152575202688,19.21449675787096],[72.78151947705746,19.214964306298523],[72.78147258675196,19.215268710785555],[72.78130527325247,19.215774971501236],[72.78110613293433,19.216260514910957],[72.78086050843558,19.217019969801726],[72.78080387168562,19.217253095611213],[72.78065025590602,19.217535874960294],[72.78050856765032,19.217727307033126],[72.78029184517843,19.217927995254936],[72.77998141960673,19.217934398387374],[72.77976524244902,19.21809442957253],[72.77962396239893,19.21825536855582],[72.77953631686292,19.218406791938385],[72.77938392690302,19.218598093154775],[72.77925307248417,19.218779489632336],[72.77921044129965,19.218988440295092],[72.77906879999779,19.21915340266456],[72.7790677925689,19.219363069251262],[72.77906706329567,19.21951439895447],[72.7790667832187,19.219572734907175],[72.77907304625863,19.220174076190624],[72.77906882240008,19.220446893339926],[72.77879960729632,19.220441737664256],[72.77830061076905,19.220432179030276],[72.77803342670407,19.22097581086509],[72.77792563478064,19.22119913418626],[72.77769257868022,19.22168197241586],[72.77746257152812,19.221797998228137],[72.77677591445116,19.22215043555642],[72.7767758819097,19.22215045141911],[72.7767717979346,19.222990018072075],[72.77639018711402,19.223560802184],[72.77636543076999,19.22404342086534],[72.77636470679403,19.22408640216189],[72.77636362168789,19.224150916116038],[72.77635772028623,19.224286874199034],[72.77635183151477,19.22442252805092],[72.77633295153348,19.22494514895082],[72.77640012531525,19.22521714275223],[72.77648498590635,19.22556394926613],[72.77658059175717,19.225948237604346],[72.77658101959511,19.225948311444228],[72.77697010468849,19.226203261946573],[72.77728919414187,19.226349456248986],[72.77757686745187,19.226444440069255],[72.77781712652369,19.226525512516],[72.77785672968535,19.226583153154028],[72.77791204449672,19.226663662950962],[72.77797663400989,19.226757670887377],[72.77833280623003,19.227338932057037],[72.77858447521744,19.227749552740207],[72.77883790786997,19.228159001428995],[72.77898026473103,19.228388911352322],[72.77908512595351,19.22855826392065],[72.77911720443555,19.228609308789196],[72.77912184136305,19.228616695505515],[72.77944384732443,19.22912911512659],[72.77949232627954,19.229196094638286],[72.77952259207139,19.22924428228613],[72.77962569920017,19.22941192434483],[72.77971228945873,19.229543669308715],[72.77972144339941,19.229557892112165],[72.77972687544997,19.22956632896082],[72.7799975704734,19.229986904772],[72.78064101654226,19.231011440021373],[72.78065880118609,19.23123938885223],[72.78064536880238,19.231442540519552],[72.78050134456369,19.231806760292315],[72.78033632835997,19.232140228161107],[72.78019243927834,19.232494283477987],[72.78013429083892,19.23283921281974],[72.78013060162323,19.23311364262691],[72.77995392592547,19.233518128529017],[72.77988056594106,19.234198341988233],[72.77975069459181,19.235101515560537],[72.77968143292432,19.235476806881532],[72.7795911793924,19.23582134623816],[72.7794837502363,19.236189661417672],[72.77941803054681,19.23628069607433],[72.77913961344348,19.23673169090568],[72.77911065375733,19.23685650451791],[72.77908225308794,19.23697891965592],[72.77933939350913,19.237831102775733],[72.77941183889281,19.23801496485173],[72.779474950677,19.23809705644934],[72.7796447983728,19.23820077467965],[72.77993263004733,19.238285592837382],[72.78001386954257,19.238298913992914],[72.7802713700317,19.238564176832625],[72.78046894849611,19.23899353378549],[72.78072057960517,19.23938288337447],[72.78082472023387,19.23959762662694],[72.78092872446841,19.239822533896707],[72.78099033463604,19.240016429843585],[72.78115553984478,19.240465725141217],[72.78119479180415,19.240730509923733],[72.78118108477636,19.240953989606673],[72.78117712234841,19.24124874747501],[72.78114242277235,19.241441475340427],[72.78104337948285,19.24164358855168],[72.78095367050416,19.241947472069022],[72.78091828717368,19.242191020167738],[72.78091514397406,19.242424793600712],[72.78100571526252,19.242852852393053],[72.78100888504109,19.243047315581347],[72.78107244896461,19.2433199900269],[72.78111233902013,19.243485237560304],[72.7811522272245,19.24365048597026],[72.78118806793294,19.243797509071676],[72.78123601317141,19.24399257263491],[72.78129931921504,19.244266222091998],[72.78132740339493,19.2443866346438],[72.7814436019182,19.244581909078686],[72.78155270567953,19.24476515245611],[72.78171729101282,19.245073500348436],[72.78176154495473,19.24514897640407],[72.78193582726739,19.24569848074801],[72.78194050018838,19.245709384070974],[72.78194517498727,19.245720289223048],[72.78246406795414,19.247497334148107],[72.7824813151763,19.24755897948462],[72.78248136150768,19.247559140817895],[72.78248137418802,19.247559187938602],[72.78250303010302,19.247635440344236],[72.78254915168239,19.247791515286924],[72.78254915703535,19.24779154154493],[72.78255481329037,19.247812850933098],[72.78261216047456,19.248028137383365],[72.78264571638196,19.24814031294731],[72.78264577650262,19.248140509672968],[72.78265619980573,19.248175138699544],[72.78265626128191,19.248175376086117],[72.78269155580408,19.24831053596137],[72.78271727178446,19.24839455912552],[72.78274707241542,19.24850149659397],[72.78274708603456,19.24850154462926],[72.78280514315809,19.248705500742673],[72.78280518047931,19.248705624935017],[72.78285253627938,19.24887094651972],[72.78294394178285,19.249199024178267],[72.78308922072432,19.25028892707043],[72.78311272084738,19.250929652505505],[72.78310753030257,19.251315887020898],[72.78307706978917,19.251680099567896],[72.78305278790477,19.252039635413773],[72.78304787861656,19.252113666290665],[72.78304786803204,19.252113816998566],[72.78304681803264,19.25212896647109],[72.78304681547556,19.252129015213484],[72.78300652566266,19.25276375136806],[72.78311558272794,19.253267999394932],[72.78311561587039,19.25326815153616],[72.7830710660577,19.25352894555512],[72.78303505758176,19.253783688622406],[72.78299918080525,19.254006123608875],[72.782934522795,19.254379790942465],[72.78284134507331,19.254699783229135],[72.78282770502958,19.254895853884523],[72.7828262472997,19.254917558422953],[72.78279659394646,19.255340775695576],[72.78279661436335,19.25534095477884],[72.78280736825211,19.255437594709612],[72.78271456200298,19.255865364678375],[72.78261373327534,19.25619961050237],[72.78252264953943,19.256605134453057],[72.78247874756757,19.25668592769084],[72.7823905334403,19.256878006292055],[72.7822798212004,19.2571511376565],[72.78216979204745,19.257373448621244],[72.78201904307569,19.25823570525655],[72.78201548845732,19.258499970614306],[72.78196748398818,19.258885685139663],[72.7818796780198,19.259047271156074],[72.78174755850125,19.259320142160934],[72.78167004412694,19.259512350036847],[72.78166799292377,19.259664810741537],[72.78168803011155,19.259766710961046],[72.78179354941774,19.259879814146633],[72.78198578158764,19.259912643744705],[72.78215756619291,19.259874065109084],[72.78239315471957,19.259866757410375],[72.78254312441156,19.259858410904762],[72.78276678047213,19.259942449408506],[72.782989753441,19.260077307962476],[72.78326172909694,19.26054822907669],[72.78326942505255,19.260771968113914],[72.7835639005457,19.261161836050785],[72.78385851401006,19.261541539586254],[72.78406860171584,19.261838892317904],[72.78424712902012,19.26209519942776],[72.78438093427418,19.262493284389592],[72.78451542310083,19.262840548963275],[72.78452216434201,19.263135436556826],[72.78446509977152,19.263399053544088],[72.78436590753105,19.26361133124891],[72.78425669549353,19.263772658800235],[72.78418041088737,19.26387339118042],[72.784135414324,19.264035497149546],[72.78403540142116,19.264308758908577],[72.7840323953815,19.264532368224398],[72.784041321735,19.264664630721338],[72.78415754825006,19.264777862722728],[72.78435006001759,19.264790362333365],[72.78450157251041,19.26475922821698],[72.78481057541056,19.26463148134591],[72.78510767964985,19.264508492777303],[72.78571575091519,19.264256775194532],[72.78593417358078,19.26416682492809],[72.78615259512884,19.26407687075201],[72.78642013272334,19.26396644102299],[72.78659113378536,19.263895511654884],[72.78706200515838,19.263704228200957],[72.78748788303645,19.263534364915884],[72.78831116035661,19.263205988940236],[72.78968104173956,19.261673422477955],[72.78986012403509,19.261473068311528],[72.78993229550206,19.26144285219246],[72.79005488680725,19.261479536387114],[72.7900782853396,19.2614865165958],[72.79033095084341,19.261491436183977],[72.79132113852002,19.261510305477035],[72.79192027560615,19.261700043642808],[72.79206800200126,19.261707711602664],[72.7922691754004,19.261773317675143],[72.79229308795757,19.26174888459827],[72.79229517292751,19.261746735742292],[72.79234185649285,19.261776156364398],[72.79240070236801,19.261744628619216],[72.7924007336996,19.261744632610455],[72.79240088603058,19.261744549547988],[72.79249460158864,19.26175634919727],[72.79260571777723,19.261778733252967],[72.79261935034093,19.261769921730473],[72.79261980425818,19.261769973275857],[72.79306731890264,19.261821751509743],[72.79365101583298,19.261890641841134],[72.793911985897,19.26191975726411],[72.7942116870206,19.26195272405014],[72.79443134838688,19.261979386605386],[72.79451338121861,19.26199362115101],[72.7946599464969,19.262018670775387],[72.79504739978138,19.262075825363937],[72.7951394773789,19.26208931552273],[72.79528517990408,19.262110125396386],[72.79592359254235,19.26220091221273],[72.79610209430368,19.262225240262698],[72.79610048622605,19.262220958596224],[72.79610080460351,19.262220904629054],[72.79613750782725,19.26222057219705],[72.79634749443815,19.262218380927006],[72.79721284882164,19.26221352886986],[72.79786972284352,19.262209547353194],[72.7982773227188,19.262208889953687],[72.79847740391922,19.262208568510456],[72.79847882389925,19.262208565741897],[72.79882496876738,19.262207838938398],[72.79886560233687,19.262209820362518],[72.79897548148311,19.26221477351164],[72.7990541421662,19.26221329191665],[72.79906974084687,19.262212918838934],[72.79921490397929,19.262209441539454],[72.79929993058553,19.262207999451434],[72.79940035879937,19.262206057200906],[72.79944945884303,19.26221615738505],[72.79944975857268,19.262216217896132],[72.79955249049378,19.262236918970693],[72.79962198531452,19.262250007696842],[72.79972220513437,19.262268884648318],[72.79984049906211,19.261951108542924],[72.7998448765305,19.261952341737913],[72.79991307814994,19.261971178214793],[72.8000609500622,19.261923560033136],[72.80006108567034,19.261923518310734],[72.80022103794778,19.26187176593177],[72.80057480847653,19.261278299134023],[72.80057482497932,19.261278274042475],[72.80074685621842,19.2612118130339],[72.80080180842647,19.261190507880013],[72.8008567606459,19.261169200901996],[72.8008909560409,19.26108285722324],[72.80043831835827,19.260634514535653],[72.80040359942056,19.26060012221465],[72.80035506795419,19.260402078424857],[72.80035507899244,19.260402035203192],[72.8003550919084,19.260401993810564],[72.80035501709168,19.260401684912782],[72.8003785655369,19.260318115262077],[72.80041521469377,19.260187142458552],[72.80044514467244,19.260080187570523],[72.80051994788003,19.260030152386765],[72.80052018009467,19.26002999802065],[72.80054229518211,19.260015011447376],[72.80058228953705,19.25995329699939],[72.80058294599574,19.259952281550678],[72.8006310083135,19.25987800374005],[72.8008502315868,19.25953919727081],[72.80085739298234,19.259329770068277],[72.80080648990271,19.258823201626267],[72.8008093743262,19.25882385141633],[72.80081225782291,19.258824499388773],[72.801035113714,19.25887545532871],[72.80166286288096,19.259060882254715],[72.80215155603595,19.258955167122515],[72.80241881339686,19.258897229259876],[72.80260566777717,19.258822388185305],[72.80283480049629,19.25869982759986],[72.80314207606288,19.258517710752887],[72.80334420127699,19.25837321989148],[72.80353699686104,19.258245899804443],[72.803661206902,19.25814368519772],[72.80380845275006,19.258020139472958],[72.80405675887354,19.25782434856636],[72.80426792214529,19.257684285189214],[72.80443762482575,19.257582615423335],[72.80463986285584,19.257429482253627],[72.80488373217185,19.257224993850823],[72.80516416770931,19.257007980101566],[72.80561919856275,19.256663425690654],[72.80589001678753,19.256485187035253],[72.80634890414532,19.256192531672003],[72.80666117926373,19.255975898180306],[72.80690930767253,19.255793063703123],[72.80714856634917,19.255592837500387],[72.80746164537673,19.255315715149926],[72.80784359105866,19.25499188482574],[72.80823998890901,19.254607729837776],[72.80854897355657,19.25429598714664],[72.80883452337255,19.254035817042308],[72.80931383286725,19.253574871702636],[72.80959505983587,19.253297362498454],[72.8100006038252,19.252908991449875],[72.81054382417413,19.25243152354],[72.81094441352607,19.252073338741468],[72.81118867049818,19.251838596099613],[72.81142394069607,19.251595105270315],[72.81164101646284,19.251351394547953],[72.81182613270559,19.251115943165356],[72.81209922753014,19.250764872725856],[72.81237623885718,19.2504613826394],[72.81273115683823,19.250115609876925],[72.81336142141352,19.249591638891506],[72.81396893868582,19.24906739441587],[72.81436905455037,19.248743765054616],[72.81483348496559,19.24837336986821],[72.81532492029825,19.248024901045614],[72.81571553304407,19.247731402910254],[72.81600935726154,19.247531815512122],[72.8162480203367,19.24737477940852],[72.8165184703344,19.247222445251758],[72.81668331962233,19.24714230967335],[72.81737330338404,19.246917199938505],[72.81822710630723,19.246689718642525],[72.8185601534809,19.246620230374063],[72.8189023542009,19.246546529574896],[72.81902534893223,19.246535032078565],[72.81975956182721,19.246405505907127],[72.82029782541281,19.246299569011956],[72.82063996796792,19.246230185184544],[72.82106439185421,19.246131532584126],[72.8216065764419,19.24607317175584],[72.82208041097813,19.24602263850898],[72.82231292241701,19.245986515427628],[72.82252285798708,19.245937159239322],[72.8227646958315,19.245883862366632],[72.82312088329657,19.245784391699644],[72.82352290309478,19.245659539293538],[72.82418034782386,19.245485868892626],[72.82462302063126,19.24538310366527],[72.82502446919354,19.245301452469757],[72.8254761258501,19.24520743402043],[72.8258866713274,19.245125888991296],[72.82627390249665,19.245087278394497],[72.82665652692411,19.245052934195492],[72.8269664257162,19.24501340241428],[72.82720354002076,19.24497300740153],[72.82743684411653,19.24522208901044],[72.82766992047041,19.245488451029537],[72.82786655019686,19.245758702899643],[72.82842095840942,19.246499895629796],[72.82871763126444,19.246830048215255],[72.8288426777543,19.246958304909707],[72.8289720706889,19.24706356170783],[72.82917654117144,19.247188616850142],[72.82975497757664,19.247481880862082],[72.83006979896608,19.247658445212426],[72.83044674012693,19.24785549602715],[72.83069701533596,19.247959831722376],[72.83119859994295,19.248145826989262],[72.83139184727146,19.24820531020708],[72.83166043705238,19.24830169567935],[72.83194464326512,19.24839991700594],[72.83329627480748,19.248843711210778],[72.83439772934774,19.2492845330371],[72.83496392932513,19.24952036475506],[72.83521861069586,19.24962644302311],[72.83594572582253,19.250022425123728],[72.8366346158485,19.250505994565795],[72.83675474936182,19.25059168249597],[72.8377642410016,19.251311718952692],[72.83829661766383,19.251714194997977],[72.83859942914093,19.25203856970317],[72.83852338920126,19.25212976594433],[72.83781117069182,19.253012590211213],[72.83683131327169,19.254225093991828],[72.83632688519006,19.254863887485143],[72.8361716899061,19.255060424193616],[72.83604202453401,19.25628784677673],[72.83597617286576,19.256876138742424],[72.83578023417205,19.25862653175004],[72.83578690527202,19.258659549910885],[72.83643869473383,19.261885270743523],[72.83644237152446,19.26190346929445],[72.83644970879496,19.261931542888384],[72.83645751706283,19.261961050072102],[72.83646103476865,19.26197296293084],[72.83649834805874,19.262097231822498],[72.83658179789897,19.262402599917905],[72.83660394671041,19.26248066585871],[72.83663842943673,19.262602204172772],[72.83673707885814,19.26284938684682],[72.8368415355959,19.263112104315283],[72.83695599057081,19.26339605590536],[72.83702733566633,19.263517922913117],[72.83719520194293,19.26380005505863],[72.83724746084927,19.263882769413218],[72.83739268648273,19.264136155411347],[72.83744856380386,19.264218851116084],[72.83754983195296,19.264370092071413],[72.83782121512868,19.264714705031913],[72.83813243908429,19.265170064105142],[72.83843248372872,19.265581016635302],[72.838645639383,19.265866919707747],[72.83873017171908,19.265973349604952],[72.83891623848176,19.266133710127935],[72.8390295347776,19.266226343480024],[72.8390932167332,19.26624147867681],[72.83943637723799,19.26651024999399],[72.83980761501677,19.266739310344846],[72.84008031362312,19.26688867624334],[72.84037912425894,19.267073714775712],[72.84046611705568,19.2671219206232],[72.84076311470554,19.267206415923365],[72.84097002077273,19.26725614577178],[72.8411839119845,19.26731480782814],[72.84153389896926,19.267416602543307],[72.84167095904616,19.26742480318658],[72.84204741424514,19.26743566178133],[72.84248614865587,19.267449950125467],[72.84283967807563,19.26737326287398],[72.84325368844188,19.267291156595753],[72.84392642105605,19.267200740013873],[72.84414991144376,19.26717075427822],[72.84428006975767,19.26714845587882],[72.84450379329557,19.26710725331904],[72.84465538454253,19.267081424667726],[72.84490393631414,19.26704208334012],[72.84523490404298,19.266986099334446],[72.84556193319575,19.266934613378623],[72.84585303097698,19.267013819342434],[72.84610453639307,19.267086146147808],[72.84619807034888,19.267107328406116],[72.84664542632527,19.2672339304311],[72.84676932337358,19.267266664924176],[72.8470761884954,19.26734192157966],[72.8473030538863,19.267548275566877],[72.8476344278784,19.26785567999659],[72.84785533045957,19.26801430370452],[72.84863573357406,19.268562732591988],[72.84901599969696,19.268812244585522],[72.8491900897291,19.268927474245718],[72.84924622828167,19.268960201830215],[72.8494457253623,19.26909408415431],[72.84973010434571,19.26927610796633],[72.8498820782514,19.26937679023803],[72.85004826012397,19.269477056066105],[72.85025825116848,19.269592002678234],[72.85044026584127,19.26969163339956],[72.85050631640446,19.269725916098327],[72.8508079454913,19.2698962113103],[72.85080903411684,19.26989682747936],[72.85087816752021,19.269912217985436],[72.8509914219182,19.26992450264365],[72.85121242669999,19.269928927968184],[72.85133730712724,19.269934047320838],[72.85150264571863,19.2699323404773],[72.8517524323508,19.26994075355333],[72.8520310959669,19.269945854827903],[72.85226764407795,19.26993768161169],[72.85245825361142,19.26991436548801],[72.85258147382397,19.26989938449962],[72.85267738327913,19.26991511519342],[72.85288059130764,19.26995766387862],[72.85311080105062,19.269993226870454],[72.85330276194614,19.270013737520888],[72.8534596046257,19.270073994519596],[72.85359753686552,19.270110299273394],[72.85368765504082,19.270127786882142],[72.85378916523159,19.2701563609725],[72.85388310360263,19.270175719714498],[72.85396382787381,19.270176667777736],[72.85409086937466,19.270163555203766],[72.85418711097769,19.270153733573633],[72.8543198955293,19.27014251373194],[72.85446632294605,19.270116851247373],[72.85457817880459,19.27008895638786],[72.85471316943152,19.270055857601058],[72.85482725605165,19.27000425785824],[72.85492988212093,19.269947047139823],[72.85503445383888,19.26988803374073],[72.85525137896035,19.26976279625528],[72.8553713973885,19.26969848666946],[72.85553182431272,19.269631001201837],[72.85565929380833,19.269585035212195],[72.85573439356682,19.26957496282856],[72.85586902740333,19.269569241683808],[72.85597464194807,19.269577781801583],[72.85623370629932,19.26961185485812],[72.85633528609877,19.26963495199078],[72.85651528922608,19.2696881771983],[72.85662448669875,19.26971683990205],[72.85667617996033,19.269723656934715],[72.85672557384936,19.269726707552778],[72.85678026797602,19.269722407396163],[72.85681053940577,19.269715350411868],[72.85683254651488,19.269703748921216],[72.85684256704877,19.26969348816745],[72.85685480231825,19.269672877820252],[72.85685919518178,19.269655139943364],[72.85686214502746,19.269628489992254],[72.85690137329667,19.26864142393638],[72.85690153580997,19.268641433971418],[72.85690247012631,19.268641483767993],[72.85744736226036,19.268671242750422],[72.85750713280288,19.268674507825434],[72.85751226805978,19.268674867005448],[72.85753230067273,19.268676269762825],[72.85763527273242,19.268683480838575],[72.85765784446582,19.268685061481502],[72.85779313016745,19.26864157911379],[72.85779835183193,19.268639900674987],[72.85810077733522,19.26854269854929],[72.8582731401799,19.268489020984138],[72.85849619249859,19.268419557630143],[72.85871130130195,19.268278908207236],[72.85918953566377,19.268201235735916],[72.85930450172559,19.26813261191198],[72.85956070914268,19.26797968200983],[72.85976012073621,19.267858508570857],[72.85994044637741,19.267748932166644],[72.85998150989481,19.267718721632754],[72.86001553248514,19.267693689144892],[72.86018394997167,19.26753932738088],[72.86035079048713,19.26738640661527],[72.86044127648944,19.267306287639748],[72.86045411012435,19.267294925110395],[72.8606220798992,19.26714619478542],[72.86096943944949,19.266835410684156],[72.86117488508438,19.266685607249823],[72.86117546571099,19.266685646561754],[72.86117606630815,19.266685686107383],[72.86117903332419,19.26668352503775],[72.8614192457707,19.266699916383615],[72.86166176174562,19.2667180071822],[72.86175306694001,19.266724817398188],[72.8619886005222,19.266744324562165],[72.86248864796845,19.267041628075244],[72.86249940124027,19.26704802147665],[72.86257136751259,19.267433416142815],[72.86258972682812,19.26753091239333],[72.86263774684149,19.267785898869818],[72.86303145874476,19.267700312954396],[72.8630316508007,19.267698704710146],[72.86308387552184,19.267259063567924],[72.86319048125362,19.26717811092287],[72.8633443485395,19.26706127014112],[72.86372189046688,19.26677342343539],[72.86374173013714,19.26675829561301],[72.86374212738417,19.266758173801716],[72.86374410506056,19.266757564645186],[72.86374587737824,19.266756215134805],[72.86390169371388,19.266708212337388],[72.86428533243568,19.266584281144745],[72.8642913512514,19.26657495137745],[72.86451936651815,19.266221604135783],[72.86464540749,19.26602961277559],[72.86464698184112,19.266030181247874],[72.86464765589545,19.26603042396779],[72.86464955472596,19.26602753046763],[72.86485638139563,19.26610209469253],[72.86618557144128,19.266581272951083],[72.8663266375634,19.266314202431673],[72.8661957780953,19.26568785851146],[72.86617204589032,19.265596814850625],[72.86616862446637,19.265583682311302],[72.86616857460612,19.265583492950146],[72.86612815274741,19.265420330523153],[72.86607932415883,19.265210503842354],[72.86602941017381,19.265021710183323],[72.86598675481859,19.26484220266352],[72.86593532285582,19.264663560947316],[72.8659346939005,19.264661377676987],[72.86593441179278,19.264660099898858],[72.86606777836535,19.264473087525907],[72.86618987101816,19.264296954922116],[72.86631772936141,19.264114404188316],[72.86644043626558,19.263936257064476],[72.86661088442015,19.26369111213783],[72.86672510671643,19.263528624725858],[72.86682186357,19.26338796906844],[72.86692292380451,19.263242698279345],[72.86702576800432,19.263097142936115],[72.86708508058653,19.26301056758707],[72.86708543539223,19.26301004964891],[72.86712696887069,19.26295780799104],[72.8674863040372,19.262623702750208],[72.86789507296008,19.262227394676096],[72.86811919489499,19.262014564531807],[72.86811953586128,19.26201416023924],[72.8681228209121,19.262010265799894],[72.86812315512825,19.262009868654616],[72.86834802275679,19.261745717865818],[72.86834818017962,19.261745532728725],[72.86862568543042,19.2614159126228],[72.86884478988982,19.261150713849037],[72.86884941611451,19.261145114336557],[72.8688527688586,19.261141057181646],[72.86885313247272,19.261141990865557],[72.868889589145,19.261235422689353],[72.86888229260965,19.2612864670307],[72.86886345560879,19.261419836384245],[72.86886338573481,19.26142163665131],[72.86883760373405,19.261624099572234],[72.86884375068657,19.261656989038315],[72.86885383025353,19.26170880228881],[72.86885420571714,19.261710732396292],[72.86890684584186,19.261950557547898],[72.86892053404462,19.262002654937827],[72.86909153535822,19.2621050076908],[72.86909268207599,19.26210569398011],[72.86935773187142,19.26209291071511],[72.86938855184324,19.262068145120328],[72.86940571963817,19.262054350253095],[72.86958735363402,19.261930821391047],[72.86984084498782,19.261772685219345],[72.8699151885257,19.26172756882438],[72.86990910308467,19.261693508576524],[72.86989511912577,19.261617901583577],[72.86988565705457,19.261516354426554],[72.86986117442078,19.261459482267096],[72.86984989778979,19.2613830288601],[72.86984829634844,19.2613722651245],[72.86978286056237,19.26131670959325],[72.86972989241168,19.261236225987375],[72.86972963763827,19.261235627776006],[72.86974732587129,19.261230274391853],[72.86976501405665,19.261224924618343],[72.86976925858231,19.261169879380848],[72.8697717031989,19.261134669335757],[72.86972556683932,19.261071630344112],[72.86982250835997,19.260933811988718],[72.86975254770726,19.260800794215143],[72.86968995592923,19.26068178590873],[72.86981540849824,19.260611076227974],[72.86985138561239,19.260615925895674],[72.86991039222939,19.26066585147718],[72.86994640782885,19.260819822920084],[72.8699645773047,19.260912749745213],[72.86996508045725,19.26091267431529],[72.86996560316227,19.260915281769037],[72.86998020168593,19.260987932353128],[72.87010502316816,19.261077333567254],[72.87063343761297,19.261172497660766],[72.87080046175474,19.261204891746704],[72.87108913819813,19.261165304246052],[72.87109328665089,19.261164732927618],[72.87109106849381,19.261099486907494],[72.87109145944703,19.26109955649458],[72.87109143443561,19.26109869450124],[72.87146067583501,19.26116249143496],[72.87166416205595,19.2612082492841],[72.87176692973817,19.261230008280616],[72.8718696955484,19.26125176448992],[72.87189439988975,19.261244428639742],[72.87205570595117,19.26121518214876],[72.87215564218833,19.26119405859383],[72.87216422750136,19.261195035584635],[72.87226691441174,19.26116653280009],[72.87227888318499,19.261168657457272],[72.87240613298034,19.261191241197412],[72.87247170080853,19.261202878560358],[72.87247338463496,19.261202185491175],[72.87264173501234,19.261133015406603],[72.87269822893751,19.261067065198795],[72.87269929404859,19.261065821169396],[72.8726994562559,19.261065633373985],[72.87321166338977,19.260847391912144],[72.87321208368564,19.260847212971907],[72.87322653415261,19.26084190647458],[72.8733292306188,19.260804190894078],[72.87357229890625,19.260745818546983],[72.87375892205321,19.260701706579383],[72.87380305998929,19.260691272516386],[72.8738479967035,19.26058253226148],[72.87404261757374,19.260607446560783],[72.87404312459051,19.26060751387828],[72.87425650481703,19.260610528153684],[72.87449018439166,19.260613830589275],[72.87485556947664,19.26067914298156],[72.8749987828876,19.260712627590877],[72.87499922667685,19.26071273030095],[72.87505908236243,19.260726724667084],[72.87520633382735,19.26067898310831],[72.87532273952284,19.26062347263156],[72.87534096036404,19.260614782835642],[72.87534138239948,19.260614580895574],[72.87565695464414,19.26048151553921],[72.87574154138669,19.26044584803071],[72.87582768096621,19.26050115438221],[72.8758871886046,19.260539361572594],[72.87598350999234,19.26049601263469],[72.87602105527684,19.260479117221248],[72.8761071768853,19.26044035927222],[72.87614017815238,19.2604067505191],[72.87619931986006,19.260346515829607],[72.87621234283586,19.260333252896707],[72.87666103446671,19.259876277869047],[72.87681412821898,19.259721516534317],[72.87681480853173,19.259720829832677],[72.87681605763508,19.25971962313951],[72.87691561213401,19.25962337777336],[72.87730089837379,19.25924117115279],[72.87765411113342,19.258786183606137],[72.87765738081295,19.258778141044782],[72.87768343273717,19.25871231708451],[72.87769283268564,19.25868856762884],[72.87783920496656,19.258318743499977],[72.8778891730335,19.258195909954964],[72.87791830369976,19.258124298391948],[72.8779285387121,19.258099137789483],[72.87808996572511,19.257835430881308],[72.87819366865814,19.25766601763145],[72.87823170325966,19.257598827790176],[72.87823242840382,19.257597168796266],[72.87823256851107,19.25759692383352],[72.87826254764141,19.257524617497303],[72.87832539137281,19.257373057025735],[72.87850115515776,19.257070405932993],[72.87865425135966,19.256806787746257],[72.87877305633394,19.25672867058655],[72.87905071116565,19.256553116517235],[72.87927696044143,19.256410064654744],[72.87951505303447,19.256261613771176],[72.87970157594708,19.256155940699053],[72.8798116274574,19.256092753258855],[72.8798202593682,19.256087797825703],[72.8798207129325,19.25608743545977],[72.87985161380416,19.256062904544883],[72.88003593041337,19.25591656439997],[72.88015539738993,19.255823028089825],[72.88026563052823,19.255736725407246],[72.88077545444861,19.255224976852553],[72.88112140224533,19.2548721543991],[72.88122249652672,19.25475859775226],[72.88124250751845,19.254736119033545],[72.88128462692174,19.254690764972548],[72.8813988904214,19.25456772575246],[72.88162618012115,19.254372180788735],[72.88162683653687,19.254371574178315],[72.88179536785633,19.254227818461413],[72.88217724976657,19.254138114125485],[72.88253159722967,19.254054923262643],[72.88261486285708,19.254028310068897],[72.88298911262106,19.253922309332847],[72.88317559155688,19.253866309142545],[72.88332593712724,19.253824360698008],[72.88342306479277,19.253797259932544],[72.88357719647365,19.25375968079532],[72.88366170671004,19.253739075521747],[72.88371440088628,19.253725456331914],[72.88389430838396,19.253678957465667],[72.88397445464442,19.25364615452434],[72.88429460091159,19.253511831900642],[72.8846663100113,19.253355871424137],[72.8847335737084,19.25332716261136],[72.88484712863416,19.253278693888095],[72.88498432046471,19.2531572134764],[72.88505980695483,19.253090371916805],[72.88523831736006,19.25293230029888],[72.88548563358043,19.252711004690852],[72.88548879502922,19.252708174301834],[72.88575589499568,19.252476666245027],[72.8862753974871,19.252017697103405],[72.8865443014823,19.2517734048386],[72.88692252248939,19.2514312189753],[72.8872929074214,19.25109688764126],[72.88758490972658,19.25083770640378],[72.88791341726541,19.250541356116084],[72.88832914800496,19.250172893322638],[72.88837311117919,19.250132967357406],[72.8886689895633,19.249868420103716],[72.88866912328709,19.249868300610476],[72.88867290414936,19.249864919091735],[72.88867488500519,19.24986314808272],[72.88867694901728,19.249862979514795],[72.88879412028626,19.249853445080472],[72.8889236898266,19.249842903825865],[72.88945281158962,19.249804387528936],[72.8896161929721,19.249792097023857],[72.88981680248028,19.249777006736714],[72.89032030303812,19.249740870452797],[72.89035537819466,19.2497383538858],[72.89038109273888,19.249736171940935],[72.89056343567816,19.249720700313066],[72.89059838644036,19.24971950734874],[72.89065116274037,19.24971770431435],[72.8908205847561,19.24971481036602],[72.89089885343598,19.249713473759538],[72.89127399646061,19.24970756451071],[72.89146964832172,19.249704512613874],[72.89151205479875,19.24970395009353],[72.89173814594824,19.249700951643543],[72.89189763949764,19.24967867927787],[72.89204801606131,19.24965828977384],[72.8921098910997,19.249649553863605],[72.89232575677157,19.249619075206738],[72.89238932617809,19.249610525683753],[72.89250346535619,19.249595174966622],[72.89254926099883,19.24958942678499],[72.89269482282278,19.249571158119313],[72.89292480952591,19.249535605220014],[72.89308643416727,19.249512883029915],[72.89327459957967,19.249486427012823],[72.89357850645509,19.24944522753044],[72.89358256592938,19.249444677948325],[72.89413847457106,19.249283003045612],[72.89670033774352,19.24853790966311],[72.89869945218506,19.24794296320038],[72.90102818766405,19.24145198722325],[72.90102820940986,19.2414519224375],[72.90102823162415,19.24145189559432],[72.90122824782944,19.241231217675615],[72.90123433977806,19.241224496792597],[72.90123458956408,19.241224223258083],[72.90207482785446,19.240297020183675],[72.90320052467769,19.239037304570243],[72.90320056617203,19.239037257172505],[72.90362815958633,19.23855862689106],[72.9045723347928,19.237493190873433],[72.90457364982473,19.2374917056016],[72.90512284718413,19.236871896854538],[72.9054870375037,19.236468001763274],[72.90548818048666,19.23646673400869],[72.90879199832592,19.232801963140894],[72.90936569716378,19.22984101012392],[72.90936571342824,19.229840927208656],[72.90948191426982,19.229240731173206],[72.90948196618419,19.22924068660246],[72.90948206378766,19.229240413122387],[72.91009231919364,19.228703109809885],[72.91054234915298,19.227647465277855],[72.91097481631137,19.226040888690388],[72.91079043974302,19.2247970222887],[72.91079042582126,19.22479692006002],[72.91077004864611,19.224659701699817],[72.91072719634408,19.22437807176023],[72.91072715600076,19.224377803027846],[72.91043414367275,19.22245376169639],[72.91037331032784,19.22200072830656],[72.91037329207519,19.222000592607337],[72.91037325112453,19.222000296769785],[72.91035013809142,19.2218289133834],[72.91020916582967,19.220721076246758],[72.91010366846,19.219986384891207],[72.90991066841919,19.21849124465618],[72.90824511438188,19.216870690120334],[72.90824486739373,19.21687044612593],[72.90745130081488,19.21046611611312],[72.91016874256913,19.207595403102815],[72.9101687570266,19.20759546288379],[72.91111602888809,19.207805012501417],[72.91162702244787,19.207881534606813],[72.91223706373515,19.207945979818508],[72.91278723694352,19.20801999416722],[72.91330002972151,19.20807915951368],[72.91346449585221,19.208264037837434],[72.9141143707531,19.209147661523286],[72.91411441841757,19.209147727101758],[72.91465772636538,19.209894488440174],[72.91465777307957,19.209894554007732],[72.91486052566594,19.210172686820577],[72.91573660909727,19.212607475914247],[72.91596160221951,19.213177189162064],[72.91633046885927,19.214173903335713],[72.9167179243776,19.215383412744508],[72.91721176154995,19.216166326961073],[72.91721180540318,19.216166393398897],[72.91790771708273,19.21636345587202],[72.91882135203424,19.21659951831701],[72.91936590248575,19.216740025810168],[72.92008898749478,19.21693349773297],[72.92008903804253,19.21693348566108],[72.92159119512931,19.216564401075185],[72.92229102297853,19.21639445084678],[72.92418893695236,19.214985406507914],[72.9261590123594,19.21352435435907],[72.92756504376695,19.211693537849257],[72.92843424023135,19.211562806669217],[72.93003999107411,19.2113479083997],[72.93098476637039,19.211228233907374],[72.93162934676651,19.20988306364572],[72.93262603259478,19.207802067113708],[72.93296306033895,19.207109229301537],[72.93428743656493,19.2062610244306],[72.9355095029001,19.20549931108181],[72.9355088093053,19.20469889998477],[72.9355256084168,19.202634438824813],[72.93555096950165,19.20153201914207],[72.93548305147893,19.199987993487028],[72.93532674066519,19.196692565904684],[72.93532960562531,19.193997446056173],[72.93532969762718,19.19399738747528],[72.93702278146954,19.191829023616055],[72.9395251371847,19.189485742824484],[72.93974279170968,19.189341635894124],[72.93991969132598,19.18921939926068],[72.94023870821479,19.18899859115304],[72.94064701126975,19.188716574609185],[72.9407464429798,19.188648126995627],[72.94079248382859,19.18860664190857],[72.94085424446266,19.188553707974535],[72.94109081939362,19.18833026707963],[72.94133433321588,19.188157338897298],[72.94145350248505,19.18801491346428],[72.9415125319376,19.187947859098205],[72.94165172467306,19.18777905365297],[72.94193996384291,19.187386105380842],[72.94194001933168,19.187386153877892],[72.94224792304264,19.187654818395963],[72.94240688065217,19.187704973022946],[72.94287665828979,19.187853197673277],[72.94287669748785,19.187853180047135],[72.94310244618714,19.187749404682982],[72.94343917241798,19.18759681402205],[72.94343921684818,19.187596834392657],[72.94378188181665,19.18775593236295],[72.94425461074724,19.187976701081098],[72.94425470107451,19.187976700287013],[72.94468546717515,19.187969239038697],[72.94468555750245,19.187969238244403],[72.94473795861533,19.187968328733405],[72.94496806218305,19.188081118742677],[72.94502140808444,19.188107191118835],[72.94502149838941,19.18810719213071],[72.94593098277262,19.18813884562819],[72.94615539243982,19.187966957619743],[72.94629310520178,19.187893577133586],[72.9462931476753,19.18789360199808],[72.94638910315524,19.187953591901817],[72.94638915292141,19.187953565360313],[72.94650902347394,19.18789192282203],[72.9465090659475,19.187891947686495],[72.94672743625597,19.188020371163887],[72.94672749355955,19.188020350126436],[72.94686316473027,19.18797121509096],[72.94681499238813,19.187763064010213],[72.94692370405909,19.187750728018667],[72.94700118946237,19.18774193470139],[72.94711152324024,19.187702209056088],[72.94712600314882,19.187696793305143],[72.94714129205924,19.18769107497248],[72.94729022601467,19.187635360317824],[72.94729025711497,19.18763538234493],[72.94754121790308,19.18781512979729],[72.9475412752513,19.187815105146882],[72.94771370326467,19.187740055232652],[72.94791579601414,19.187645761807858],[72.94811660975293,19.18756083452721],[72.94813900878057,19.18750227714491],[72.94828192700602,19.18745831302353],[72.94837100238593,19.187442380869847],[72.9484188565939,19.187421028489762],[72.94857520339319,19.187360341729576],[72.9487124758864,19.187337266890573],[72.94871473757915,19.187336886607927],[72.94873768987011,19.18733302610681],[72.94884252311206,19.187305125178735],[72.94917309390382,19.187148084483344],[72.94960591016653,19.187075302776133],[72.94974197850206,19.18687674075369],[72.94974850339356,19.186872502272774],[72.94991421727745,19.186766917804565],[72.9500813519911,19.18665613342982],[72.95004199357584,19.186328033634698],[72.95002610776453,19.18621243229416],[72.95004380357818,19.185992091788076],[72.95007395777682,19.185946796207862],[72.95011181541419,19.185917709609054],[72.95020494757483,19.185909983981908],[72.95027881309953,19.185860841953193],[72.95056804597772,19.185575849088906],[72.9508189246096,19.185437985723116],[72.95100452905154,19.185335912096086],[72.95105176094069,19.185281570910462],[72.95110859974069,19.185246963803895],[72.95118208431535,19.185154496008796],[72.95127046466871,19.185059463895943],[72.95130464475555,19.185052725898675],[72.95135687378772,19.18503861264965],[72.9522364343249,19.184876174186872],[72.95223652562377,19.18487617159297],[72.95247628745832,19.18486731579344],[72.9525340284605,19.184851744381962],[72.95271074924709,19.184804088997993],[72.9528576959059,19.184787745376454],[72.9530582396074,19.184766811233835],[72.95315596409233,19.18475661057841],[72.95330298385913,19.184741193285987],[72.95343878655349,19.18484421999213],[72.95344769943799,19.184850980338357],[72.95373156779657,19.184915681675516],[72.95373161450821,19.18491567135707],[72.95387862882309,19.184883240878648],[72.95405256380408,19.184859825554433],[72.95414775180033,19.184838319332293],[72.95441351252157,19.18477819896344],[72.95441353706892,19.184778212786625],[72.9544561484282,19.18480443644097],[72.95445614862464,19.184804500577183],[72.95445643755849,19.18483574970832],[72.95445952860585,19.185170112961355],[72.95445961145026,19.185170102142404],[72.95451450221181,19.185163306352372],[72.95451455159669,19.185163310516298],[72.95488563166677,19.18519867168731],[72.95488565837191,19.185198664758694],[72.95498126013807,19.18517761346914],[72.95503463675203,19.185099045504188],[72.95507937703952,19.184890540539584],[72.95508396250166,19.18486934974784],[72.9551174193717,19.184830245986582],[72.9551770280205,19.18476057535389],[72.95531794780746,19.184697983330018],[72.95532318445673,19.184695656098345],[72.95532409355197,19.18469525252247],[72.9554232402295,19.18465124798306],[72.95542329612059,19.184651187181903],[72.95552799138181,19.18436821503386],[72.95585570994741,19.18421672988146],[72.95587002573771,19.18411728199726],[72.95588765977871,19.183798843334177],[72.95588763821682,19.183798818704897],[72.9558872268741,19.183798331760627],[72.9558870197546,19.183798090078955],[72.95569149958719,19.183568448446206],[72.95569146771416,19.183568411959126],[72.95578659111392,19.183330799400355],[72.95642133477483,19.183007052915745],[72.95645756614557,19.18289898231979],[72.95655784729664,19.182764388090096],[72.95666373265988,19.182706761121747],[72.95666382299599,19.1827067594181],[72.9569960035516,19.18269568761627],[72.95718723527634,19.182698737735635],[72.95718732841958,19.182698739676187],[72.95726280258425,19.182699880036957],[72.95726472164328,19.18269991043981],[72.95734300742032,19.182701092916126],[72.95750381859052,19.182590489816157],[72.95750387533418,19.1825905139337],[72.95766857712462,19.18265554870672],[72.95769815494967,19.182665947966168],[72.95769819982623,19.18266593220644],[72.95802076316352,19.182552397898203],[72.9581648336236,19.18216747772086],[72.958347392187,19.18215283560874],[72.95839641995005,19.182020798800504],[72.95845201729206,19.181927825937745],[72.9586573560337,19.18168655654084],[72.95853847128964,19.181050427377375],[72.95862202504466,19.18080917749129],[72.95866998378042,19.18075842096334],[72.95867004425908,19.180758450541823],[72.95874411789622,19.180795022767366],[72.95880927431104,19.180857970517014],[72.95880934770338,19.18085795507422],[72.95901872993521,19.18081462106234],[72.95913989138897,19.180699759624204],[72.95938417768944,19.18041488031391],[72.95956044801638,19.180207423742218],[72.9596000956775,19.1800619630002],[72.95960006959639,19.18006191935181],[72.95939245292453,19.179708385162282],[72.95939245246359,19.179708345412024],[72.95939399521482,19.17942037202211],[72.95974658163026,19.179314408796703],[72.95975011568818,19.179061602131338],[72.95979786643206,19.178932955076213],[72.96017344646721,19.1789000832121],[72.96049845204286,19.17911482438965],[72.96049849617899,19.179114791458204],[72.96077808459856,19.178901483165344],[72.96077812120245,19.17890152151075],[72.96086693438868,19.17899827459057],[72.96087625893512,19.17900843465524],[72.96087631171491,19.179008394593378],[72.96106223763398,19.178870735842136],[72.96106227137521,19.178870775058975],[72.96143608806196,19.179310551411874],[72.96158207367262,19.17947887464629],[72.96158214151656,19.179478846494483],[72.96166852970111,19.179442464785865],[72.96173235612311,19.179391055304052],[72.96181316570772,19.179204248284222],[72.96185673731318,19.179010733355106],[72.96215282393496,19.17869486384857],[72.96254952249329,19.17842524263061],[72.9625495395633,19.17842516874957],[72.9625876968673,19.17824804703317],[72.96262203680392,19.178108984109606],[72.96262252604095,19.178107003185204],[72.96259097808388,19.177952125321333],[72.96258160761975,19.177857423165296],[72.96255793219616,19.177618134409986],[72.9625576269233,19.177615051670042],[72.96255771800114,19.17761498945037],[72.96262717132211,19.177566129739],[72.96264122875182,19.177556232098862],[72.96276914943957,19.177429756883473],[72.96304470411754,19.17715731225386],[72.96337906914134,19.176826720451334],[72.96378391125164,19.17667032027664],[72.96378395665478,19.176670338846503],[72.96378400020127,19.176670353782562],[72.96378587487514,19.176671051158213],[72.96382927164046,19.176687186932323],[72.96382928975179,19.176687260300675],[72.96384680640148,19.176762218174353],[72.96394820340542,19.176861365917468],[72.96394838635615,19.17686164074439],[72.96397222672545,19.17689769948026],[72.96397231892642,19.176897700503336],[72.964065292571,19.17689920636349],[72.96406530207626,19.176899206468956],[72.9640653106421,19.176899205660682],[72.96426637919376,19.176863835733087],[72.96426643807085,19.17686384090282],[72.9644870366004,19.176881178224406],[72.96458268201695,19.176918243001918],[72.96474173981679,19.17693412322347],[72.96481939495146,19.176954409145235],[72.9653053803453,19.177058939784217],[72.96574477912868,19.177143835225422],[72.96582695343274,19.1772190545422],[72.96620460874664,19.177426678927493],[72.96624519620553,19.17747329475127],[72.96628622989697,19.17752042407257],[72.96633025534034,19.177541921031818],[72.96649978102293,19.177582024033224],[72.96652721514293,19.177604331606172],[72.96676586870696,19.177655551410673],[72.96696913919861,19.1779505919986],[72.96696922019348,19.177950576636622],[72.96725108242275,19.17789764513035],[72.96730494176471,19.177887532266656],[72.96767037761893,19.17781746621985],[72.967763844069,19.177792343640434],[72.96776387718252,19.177792356653427],[72.9677773857719,19.177798349736303],[72.96777739572043,19.1777983137144],[72.96802556694979,19.177913646266493],[72.96802555988837,19.177913601926456],[72.96795946898408,19.17753120390335],[72.96798806928626,19.177454890777472],[72.96805358362477,19.177280073000123],[72.96806941594689,19.177215506824464],[72.96808469079336,19.177153218924943],[72.9681039734469,19.177110398217184],[72.96811328782803,19.177089717271787],[72.96815560219648,19.17689945981004],[72.96820312356212,19.176798079931775],[72.96820996279273,19.176783490543443],[72.96822418505434,19.17673934915799],[72.96830149720476,19.176584699836514],[72.96834787912849,19.176485752527444],[72.96835585757742,19.17646873050405],[72.96840172574795,19.176385857180136],[72.9684274237215,19.176322374843366],[72.96848712703866,19.17613201980659],[72.96850082842046,19.176053515494424],[72.96850812590311,19.17601170561346],[72.96850822451579,19.17601164889383],[72.96867610826054,19.175913376321848],[72.96881121193304,19.175861201220023],[72.96893817167324,19.175817060178172],[72.96899239185055,19.175798079407073],[72.96911665015716,19.175754836025707],[72.96929526996047,19.175699996852916],[72.96963762951991,19.175643002887256],[72.96975960411288,19.175617214506527],[72.96991476149043,19.17559434498187],[72.97022132678373,19.175555356897128],[72.97022133526097,19.175555363314015],[72.97022141436342,19.175555424710364],[72.97050022946743,19.1757685493072],[72.97059161928524,19.175838408971117],[72.9709160152798,19.176089809667285],[72.9711466217201,19.176607147993668],[72.97132296158901,19.177046499187075],[72.97143201921001,19.177315828145588],[72.97145689909145,19.17738367125629],[72.9714779585611,19.177446212188688],[72.97149457048394,19.177489917031746],[72.97149459526358,19.177489989570013],[72.97154339937671,19.17762818814181],[72.97154342131584,19.177628259745386],[72.971582707193,19.177754212677257],[72.97158272818163,19.17775428427031],[72.97163800898029,19.177934202165524],[72.97163802995792,19.177934274661755],[72.97170483258719,19.178155758992794],[72.97170485452645,19.178155830596342],[72.97176431650686,19.178349497813358],[72.97176433655613,19.178349568492713],[72.97181906055383,19.178527548935687],[72.9718190824821,19.17852762144241],[72.97186210004048,19.17866142103967],[72.97186129818733,19.178702842220517],[72.97186139062201,19.178702824272904],[72.9726761700234,19.178533602548548],[72.97295376205615,19.17835176583639],[72.9729537687652,19.17835176139399],[72.97273471894792,19.17792760367715],[72.9726762834961,19.177818226347544],[72.97267626207591,19.17781818997868],[72.97267800967946,19.177616584478162],[72.97268980943386,19.17746796858741],[72.9727025969798,19.177306916068126],[72.97287528173212,19.17728610311297],[72.97306163921272,19.177265184492796],[72.97356837539316,19.177196465780955],[72.973568383959,19.17719646497225],[72.97347006353166,19.1769875060379],[72.97347003757969,19.176987451552986],[72.97355389395547,19.176810366062583],[72.97364543379929,19.17671065576487],[72.97374808665883,19.176516435171518],[72.97389103366851,19.176343212325328],[72.97418545285966,19.175942138094427],[72.97423551030978,19.175870860777113],[72.97427080652767,19.175828149213334],[72.97474641569342,19.175190923804134],[72.97510030086697,19.174709839691126],[72.97540529489335,19.17429419912074],[72.97586688472241,19.173667995595252],[72.97593789848452,19.17355360999032],[72.97599290098812,19.173485101033314],[72.97613241684962,19.17334899565798],[72.97624850429192,19.173220179832278],[72.9763087250721,19.173169613773045],[72.9764853015932,19.17296885247066],[72.97653460257516,19.1729058800466],[72.97657887363873,19.172854200391257],[72.97693812553003,19.172430296087374],[72.97705622112083,19.17227930300332],[72.97779911023287,19.17134213373196],[72.978142618082,19.170908785990488],[72.9787681319819,19.170101365185],[72.97925847057365,19.169477209917893],[72.979642478437,19.16898839515757],[72.97973149704592,19.168875082043428],[72.97969059860675,19.168768012596612],[72.97925326197766,19.167168730184788],[72.97913306288366,19.166729175065676],[72.97913304284307,19.16672910348369],[72.97908570540537,19.16660046884766],[72.97908568056837,19.166600400826105],[72.97896906699634,19.16622110777992],[72.97896904695585,19.166221036197932],[72.97877139626645,19.165497068019484],[72.97877137719863,19.165496994641583],[72.97854654476345,19.16490212686263],[72.9783708090545,19.164442957938594],[72.9782656811425,19.164155812908344],[72.97757877016176,19.162279539785395],[72.97742610074773,19.16186466693657],[72.97738550428683,19.161727306248313],[72.97704780188303,19.1605846546406],[72.97704778088239,19.160584583951213],[72.97690993016187,19.160115505791985],[72.97690990913927,19.160115436908967],[72.97682712509818,19.159855397390555],[72.97681432066805,19.159802056895767],[72.97657055593405,19.15878663005649],[72.9765705387465,19.15878655850578],[72.97636661579867,19.15795070099321],[72.97636659861125,19.157950629442496],[72.9762934652542,19.15766051841804],[72.97617276330963,19.157181706073448],[72.97617274517194,19.157181634512252],[72.97630174950909,19.156266761254766],[72.97625672846449,19.155783409991837],[72.97622236039895,19.155631760616384],[72.97622234419521,19.155631686366586],[72.97609395380631,19.15492413131891],[72.97583940559078,19.153617902429747],[72.97581704470811,19.153527988232554],[72.9758170275212,19.153527916681817],[72.97576583662571,19.153210050236183],[72.97573485414433,19.15302326872579],[72.9756595140273,19.152655511997505],[72.97565950056494,19.152655446810975],[72.97554465570019,19.15247225126556],[72.97533616509375,19.152318251802768],[72.97522907175335,19.152175518499885],[72.97501830523703,19.151894517463422],[72.97501830153467,19.15189450929283],[72.97501829304733,19.15189450377943],[72.97488457544847,19.151716175545957],[72.9748338261333,19.15164775867509],[72.97469205960665,19.151456456811683],[72.97464969684901,19.15139979497095],[72.97462476922168,19.151366426547973],[72.97373202544487,19.150171295703952],[72.97356004846064,19.149995959202553],[72.97355431965431,19.149988341649873],[72.97355429347397,19.14998830613209],[72.9734333783119,19.149827491588834],[72.97343164143994,19.14982518164136],[72.97305265670477,19.149321136529],[72.97303513750737,19.14929783663736],[72.97293352782388,19.149133610767656],[72.97265037731852,19.148657706261282],[72.97263096523949,19.148624650511483],[72.97225744982185,19.147988613640866],[72.97205637793178,19.147654793978663],[72.97187350983637,19.147349108958146],[72.97177644453826,19.147136996084242],[72.97169777185081,19.14700190884938],[72.97155739893466,19.146760875374056],[72.9715232490219,19.146702238680593],[72.97087944691849,19.145592134749787],[72.97052850065656,19.1449760907788],[72.97029494675873,19.144526517134285],[72.96993053223683,19.143892947550402],[72.9692865233489,19.142815144840846],[72.96902700147982,19.142392663160987],[72.9686985599355,19.141798026161144],[72.96830463759082,19.141079578589814],[72.96807403467741,19.140654031824386],[72.96703418073464,19.13973272303223],[72.96567893810415,19.139077651818102],[72.96541011764593,19.138795373496418],[72.96503738728182,19.138403969721885],[72.96452454001788,19.137873116150992],[72.96452453346542,19.13787310794869],[72.96452452503449,19.137873097918973],[72.96413575579771,19.13745671388146],[72.962458124083,19.135699735983756],[72.96245811564123,19.135699726857148],[72.96245810721054,19.135699716827357],[72.96222821561851,19.135455043398434],[72.96143524894521,19.13465307973567],[72.96143524049245,19.1346530715122],[72.9614352320508,19.134653062385553],[72.96131112674937,19.134527665055355],[72.96125852809642,19.13447451873305],[72.95917250475881,19.132442216557276],[72.95910548393704,19.132376918968944],[72.95903583443601,19.132309063834917],[72.95904143297729,19.132298488695856],[72.95909760015462,19.13219240508803],[72.95933796226453,19.131738419356065],[72.95941009180194,19.13162754281438],[72.95945212735437,19.131562436807116],[72.95945556000795,19.131531043583962],[72.96011038599806,19.130452892987147],[72.96074211611003,19.12938714471096],[72.96095009316521,19.129036775258374],[72.9612084769946,19.128601484753798],[72.96120836959986,19.128600788019185],[72.9611682763213,19.128333156171607],[72.96108044342469,19.127785959947904],[72.96104510569187,19.1275875061332],[72.96097338611605,19.127217995861137],[72.96096451971324,19.127210054162177],[72.96082002031866,19.126408890774783],[72.96073959270785,19.12597005650122],[72.96050139002521,19.12556471676136],[72.96039811831417,19.125388982733604],[72.96017856746876,19.125054741708944],[72.96016278123409,19.12505024159844],[72.95992976404646,19.124689432062535],[72.95970205703858,19.124322772702982],[72.95935498510313,19.123763903614538],[72.95936246052078,19.123746029789594],[72.95914075031953,19.123413369030686],[72.95881283930832,19.122909092444193],[72.95880362849756,19.122907552165284],[72.95871960310748,19.122779196994067],[72.95854846501484,19.1225197812299],[72.95843311963569,19.122344937612226],[72.95840040433296,19.122295343563696],[72.9583610466093,19.122233725081337],[72.95803512046277,19.121723423657986],[72.95776360826916,19.121273612213347],[72.95755574668462,19.12097328029612],[72.95722711295761,19.12049761828078],[72.95704778083291,19.12023889903126],[72.95675528680582,19.119816349953943],[72.95643087805121,19.1193480125745],[72.95618086031628,19.119032209985164],[72.95614856951207,19.118977410096704],[72.95609738601696,19.11891916285945],[72.95609248913027,19.118913590178114],[72.95598047543409,19.118763569909916],[72.95583416008814,19.118576627149444],[72.95583391964459,19.11857631916153],[72.95583266893382,19.118576635872326],[72.95582762322123,19.118577911272133],[72.95582668627407,19.118576669659912],[72.9555727070498,19.118240080765922],[72.95504612734656,19.11753145463852],[72.95457965396783,19.116914041653924],[72.95444639672836,19.116451815650205],[72.95443042260213,19.116420191398273],[72.954343735642,19.11601510299726],[72.95397862197147,19.11488436301206],[72.9537981952531,19.114165549655112],[72.95379042693155,19.11415880773813],[72.95374261338361,19.11397572144926],[72.9537376031221,19.113950656016765],[72.95369137583988,19.113869935052087],[72.95342342831852,19.113409629627775],[72.95309686303177,19.112882014532033],[72.95307489442503,19.112846274017574],[72.95279230669792,19.112386626147625],[72.95272859696416,19.112279514762903],[72.95268860999921,19.112200191795228],[72.95256856637481,19.112006618290835],[72.95182355234908,19.110831556067776],[72.95095026683735,19.110933299894537],[72.9504150170498,19.11100263748022],[72.95009998675101,19.111038738225993],[72.94989884375336,19.11107913417694],[72.94954704575186,19.111145798495944],[72.94943705162244,19.111167084900362],[72.94940010924772,19.111180693364094],[72.9493709328651,19.111194733420497],[72.9493250032733,19.111219708208676],[72.94906281494764,19.11134843409057],[72.94881192717934,19.11151295592761],[72.9485229453154,19.111700043478162],[72.94826927366195,19.11193814602317],[72.94814582684201,19.11205707188361],[72.94814992479346,19.11206759223695],[72.94775564365945,19.112426309890292],[72.94721693312694,19.112943534109995],[72.94707801381422,19.113080501524834],[72.94643830664512,19.113596648615594],[72.94636296499539,19.113658910363647],[72.94627435287964,19.113719762049772],[72.94619710012977,19.113763174038493],[72.94609253460898,19.113852248154785],[72.94598980905661,19.113939757453142],[72.94598965058502,19.113939892985425],[72.9456121758817,19.114261450500795],[72.94561462796693,19.11429310595585],[72.94536538602024,19.11459148964232],[72.94407622538695,19.114808172512543],[72.94407419777701,19.11481667698225],[72.94400923955023,19.114807858485005],[72.94351205619093,19.114740367532914],[72.94338430870998,19.114675622142567],[72.94292589068348,19.114758472284723],[72.94538522075875,19.109848467601505],[72.94613966371023,19.108295530889155],[72.9464534684592,19.107215526372922],[72.94665994413957,19.10659136584995],[72.94698201861893,19.1056517939751],[72.94716740250071,19.105113073370426],[72.9471677483517,19.105112152248836],[72.94728071451578,19.104811678394654],[72.9474042210337,19.10450127998082],[72.9475692337317,19.10407738934968],[72.9477195482275,19.10369656113028],[72.94776190914888,19.102960766288444],[72.94776850454858,19.102707742394795],[72.94777378028743,19.102505459304673],[72.94781420811272,19.101294232327362],[72.94781855971746,19.101143968083022],[72.94782434135223,19.100944402298584],[72.94781594327725,19.100946413376114],[72.94780437427455,19.100255871331452],[72.94779769770655,19.10015590907242],[72.94779095737185,19.100082918645956],[72.947790931222,19.100078721621763],[72.94778925416188,19.09980669394353],[72.94778597497705,19.099551464238242],[72.9477820948651,19.099095109831485],[72.94777924475774,19.099075192811576],[72.94777564587122,19.098989946189242],[72.94777749202518,19.098948427599733],[72.94777408158507,19.09887702344413],[72.94777720206064,19.098766003776593],[72.94777723615894,19.098764856965268],[72.94777983855913,19.098672190197277],[72.94778479466062,19.098536989764156],[72.94778850446498,19.09843573501378],[72.94779497630311,19.09818417928539],[72.947803451194,19.09798770383899],[72.94780352309279,19.097986034437927],[72.94780659371769,19.097914875944834],[72.94781315702456,19.097762681553945],[72.94783395985588,19.09711097347555],[72.94783798156213,19.09695043405441],[72.9478416685808,19.096803240778215],[72.94787992272919,19.09473210528168],[72.94788343045646,19.09441964116688],[72.9478833984133,19.094414996037514],[72.94788339691411,19.094414963501986],[72.94788338739887,19.094413654513197],[72.94788177210525,19.09418608422001],[72.94788460826267,19.094052154516334],[72.94788688341517,19.093635885578244],[72.9478885720689,19.093448595941183],[72.94788859311265,19.09344611842156],[72.94789181531829,19.09308889162387],[72.94789191612773,19.092785846151216],[72.94789191530208,19.092782753239867],[72.94789191660192,19.092776096830267],[72.94789196017032,19.09264624420241],[72.94788620483915,19.092647338106246],[72.94788456766624,19.09264764956908],[72.94789815314427,19.092402560171415],[72.94791893508453,19.092119241050675],[72.94791990920632,19.092087315699718],[72.9479210626635,19.09204955250618],[72.94802948157526,19.091740213276143],[72.94817337830887,19.09131675584889],[72.94831347519549,19.090897756621025],[72.9484260932697,19.090556826081954],[72.94882281482776,19.08926486408578],[72.94886975123626,19.089111148898667],[72.94887102746885,19.08910696908045],[72.94887163434109,19.089104985864672],[72.9490632032432,19.088477632348813],[72.94906254091428,19.088477561743368],[72.9490565305646,19.088476924841185],[72.9490973068913,19.088246678273194],[72.94911525879473,19.087955807199368],[72.94915034883688,19.087029260191304],[72.94917084662396,19.086528255168236],[72.94917323113249,19.08647188947454],[72.94917636876235,19.08639765310821],[72.94919218431467,19.086171258446353],[72.94920151576815,19.086043099760875],[72.94920153086562,19.08604287681333],[72.94921524574389,19.08585442453702],[72.94930623676407,19.085174309672567],[72.94914940941061,19.08402564035651],[72.9497703728279,19.082982371922977],[72.95010007159566,19.082328777374634],[72.95030008417739,19.08166105524118],[72.95058617773846,19.080719281305907],[72.95071941945024,19.080276937777004],[72.95081459157058,19.07997256493058],[72.95084899102919,19.079862556568497],[72.95092588008842,19.079597103279824],[72.9510285716865,19.07925793911258],[72.95103193480557,19.079246832451684],[72.95103335501616,19.079242134805256],[72.95108632823872,19.079067174891676],[72.95114328873397,19.078878551650213],[72.95114829140499,19.07886684987076],[72.95221570648862,19.077586603645305],[72.95246117159603,19.077277054161968],[72.95275324560923,19.076988456565086],[72.95284947883609,19.076790373988967],[72.95343477673977,19.07540772616872],[72.95356762170493,19.075070413982846],[72.95361817823304,19.074955412785886],[72.95361845206327,19.074943173334194],[72.95361861173893,19.074935973959988],[72.95365846062836,19.074822313603956],[72.95382296216818,19.074353049107767],[72.95399406303196,19.073855440541287],[72.95433355808346,19.07287301589511],[72.95442294533765,19.072692419967698],[72.95448367207929,19.072569723084317],[72.95446160206599,19.071757212274388],[72.95442500823377,19.07077049313298],[72.95441476084312,19.070368943160158],[72.95440555196875,19.070008094104754],[72.95438978503469,19.069556518316],[72.95438100629673,19.069294607673484],[72.95437568563396,19.069135883882467],[72.95437571132747,19.069131545589908],[72.95437571105714,19.06913141280095],[72.9543757193792,19.069130038061896],[72.95534004797408,19.06740550987896],[72.95567653423227,19.066803754068648],[72.95632376522954,19.06564626187562],[72.95638788616007,19.06553158861471],[72.95640591848048,19.06546624812074],[72.95641170146081,19.065396090932083],[72.95641029766074,19.065302290427653],[72.95639744471845,19.06516900956308],[72.95637112279644,19.064952937673308],[72.95635934093976,19.064732437219995],[72.95636675757079,19.064521332550473],[72.95637911303199,19.064301099588604],[72.95644424900992,19.063714168650762],[72.95633675594787,19.063500193239975],[72.95636246496623,19.06349550688757],[72.95643869095775,19.0634816120528],[72.95667828685889,19.06340334601141],[72.95711706476685,19.063260015125213],[72.95728038443076,19.063189744838866],[72.95738384595305,19.063152307856527],[72.95756264194925,19.063080092269658],[72.95764765445517,19.063037683141633],[72.95773660154305,19.062972804402943],[72.95789541573133,19.062841418210553],[72.95807513957871,19.062689050996514],[72.95819973348578,19.062587600614684],[72.95833165715001,19.062480431139964],[72.9585012343893,19.06233883778004],[72.95866839342143,19.062195008882963],[72.95906604179578,19.061875622638002],[72.95947113905449,19.061547884524963],[72.95967422417206,19.06125522273076],[72.95985133793805,19.06099515651267],[72.95998872138942,19.060793431648744],[72.96005876479467,19.060633163545635],[72.96011669530222,19.06048822879418],[72.96017082241353,19.06035280896007],[72.96023846347067,19.06019855280484],[72.96026201421691,19.060052799654592],[72.9602992756991,19.059704821629005],[72.96039932730821,19.059190192642284],[72.96043327443165,19.05901560604014],[72.96048592805988,19.05871505110964],[72.96051426544739,19.05853695992941],[72.96052432959263,19.05834421916221],[72.96053134138677,19.05821052198157],[72.96053751713922,19.05806300033931],[72.96054594359933,19.0578739739254],[72.96054610781638,19.0577818481096],[72.96055394603744,19.057618781719764],[72.96055403599475,19.057571571242708],[72.96056031295,19.05737839653906],[72.96056039134848,19.057335238179554],[72.96057502936912,19.056997289480996],[72.9605985970234,19.056880446792842],[72.96040939197542,19.055669088065862],[72.9603463351625,19.055277663562745],[72.96034508181329,19.055269883374436],[72.96024159402062,19.054627481005358],[72.95992877653104,19.052673049530014],[72.95980966636216,19.05146027497458],[72.9597425902848,19.050863538572333],[72.95971862766581,19.050685693754563],[72.95968971718031,19.050462847338025],[72.95964595386648,19.050114061640404],[72.95960963511297,19.049860912167617],[72.9595757005142,19.04961648160375],[72.95954220092447,19.049381848627547],[72.95950447773102,19.049108633749107],[72.95960575752584,19.048946417174708],[72.95963193003747,19.04889698387745],[72.95968887837552,19.048800987394834],[72.95970892910921,19.048687573607303],[72.95972096067787,19.048597538239374],[72.95975836763233,19.04834409372728],[72.95979906038004,19.048079678686875],[72.95977675798149,19.048003015704946],[72.95966480884273,19.047657495847368],[72.95952989542596,19.047253911105592],[72.95937982220967,19.04680307906674],[72.95919097086504,19.04625637984062],[72.95910775851188,19.046053463307516],[72.9588306505606,19.045394143262126],[72.95882932844681,19.045393587557413],[72.95863196230773,19.04490296611252],[72.95853818998697,19.04467187761662],[72.95833919264419,19.04419467917093],[72.95790537194883,19.043543809405573],[72.95760452130781,19.04310651805486],[72.95760381504189,19.043073108711372],[72.95736308550178,19.042755585455705],[72.95696593559319,19.042166031826795],[72.95669898594555,19.041764690198068],[72.95617038656805,19.041164990996798],[72.95581718584253,19.040774619933575],[72.9552485293379,19.040148153285507],[72.95457659604259,19.03939774880552],[72.95449657641109,19.039313502290415],[72.95378027431369,19.038528213920895],[72.953521905352,19.038341151974677],[72.95485299038528,19.03751462872711],[72.9539600613123,19.0363566742456],[72.95386506571128,19.036316704173956],[72.95379029008822,19.036296416852444],[72.95368799822818,19.036295283173263],[72.95355842853907,19.036293847098296],[72.9534157763765,19.036246862363956],[72.95324097699444,19.036111453863366],[72.95302800718439,19.03592610674862],[72.95286563667834,19.035715139754934],[72.95281840533374,19.03558098171918],[72.95282082674555,19.03538346212687],[72.9528239602928,19.035127848536476],[72.95282048664497,19.034912832983068],[72.95273809923748,19.034656271194784],[72.95233253619858,19.03339626080522],[72.95186932348982,19.031941641335546],[72.95155944707766,19.03096852961481],[72.95152300161824,19.0308778165514],[72.95111557147563,19.03049048490187],[72.94819406011672,19.028772534467993],[72.94807837049898,19.028706070099332],[72.94731788680777,19.028411586527216],[72.94699926743954,19.0282697476979],[72.94659106465112,19.02810852387934],[72.94491083854471,19.027424186359408],[72.94238730231974,19.026213794133938],[72.94190324630314,19.025989304150396],[72.9413184196163,19.025829833163773],[72.94072868706179,19.02571577786874],[72.94044691009636,19.025654761385308],[72.94006987863418,19.025563745358046],[72.93974111142097,19.025436061807756],[72.93930026756665,19.02523271728355],[72.93883002198072,19.024946365382732],[72.93851025542189,19.02479397685385],[72.93826386396472,19.024796633497452],[72.93716639994481,19.02649810092308],[72.93705603712971,19.0264695691638],[72.93668931122873,19.026391294611805],[72.93572138357182,19.026274510869648],[72.93532149897366,19.026174669257486],[72.93498937531237,19.026001405980374],[72.93351606068421,19.025306727398632],[72.93328433688181,19.025123987565095],[72.93313085942277,19.02492092914341],[72.93281538753129,19.023402041671304],[72.93251040322626,19.022836992753817],[72.93213792324275,19.02232417254469],[72.93161839204501,19.021989852775686],[72.93127500932736,19.02182705463392],[72.93099807558205,19.0216967907091],[72.92694568994588,19.016490139117096],[72.92705554357778,19.015466450687853],[72.92154338930128,19.008406530735375],[72.92061402791184,19.00714433489997],[72.91968847970689,19.005387815892956],[72.91801327283595,19.002896386920714],[72.9155569424915,19.000272037537744],[72.91381294974128,18.99847670499469],[72.91371557778618,18.99823694171795],[72.91295326367359,18.99739778724611],[72.91233683208327,18.996932593930385],[72.91180821405247,18.99666886857504],[72.91061934260814,18.996235392591455],[72.91019979867532,18.996077907520167],[72.9098796471747,18.99599791738657],[72.90930827532621,18.995943726969575],[72.9080042652316,18.995890796478083],[72.90737352337052,18.99576910269357],[72.906744453945,18.99551377384414],[72.90603666340998,18.995133446600484],[72.90523008504786,18.99462789290274],[72.90467472976636,18.994096542293583],[72.90452528951691,18.994008930461657],[72.90444525353955,18.993988930658467],[72.90421398487823,18.994024496757792],[72.90358946277478,18.99420835094846],[72.90123112623108,18.995002610294332],[72.90034534398113,18.995212127864296],[72.89990347023877,18.995235751028556],[72.89882918861339,18.99527128332939],[72.89664108815397,18.995294146873718],[72.8958192274461,18.995208427132393],[72.89542896647319,18.995118068550326],[72.89446950841945,18.99480166120322],[72.89379984905598,18.994584014199805],[72.8931784409499,18.99451965847122],[72.89273632951621,18.99456235481449],[72.89214431333214,18.994544618112027],[72.89183020743444,18.994464961695634],[72.8914002766713,18.994361700897073],[72.89128293540844,18.9943293530092],[72.89056392311161,18.993931899292466],[72.89020690260222,18.993762896804803],[72.88982615691027,18.993511157681954],[72.88913911352513,18.99299674613714],[72.888466685813,18.992305787788663],[72.88790436889094,18.991722111411587],[72.8875956971073,18.991647902487014],[72.8874089185179,18.991728234947978],[72.88725809813336,18.99190322388013],[72.88713025847557,18.99221984415319],[72.88705313812605,18.992442797578363],[72.8870103403481,18.992889977282438],[72.88698126305734,18.993231286936485],[72.88697367962747,18.993832018583014],[72.8868363199764,18.99490249755696],[72.88672565708849,18.995820131515988],[72.88684283098327,18.997329405725733],[72.8867833333671,18.998118035807586],[72.88645965620033,19.00110727538031],[72.88614192084523,19.002561885158467],[72.88610018652543,19.002970756671036],[72.88603397319642,19.003651008931406],[72.88601120037669,19.00387080119603],[72.88599953160457,19.003962309180036],[72.88590906082108,19.004743304954683],[72.88587497272641,19.00506182184321],[72.88584782530921,19.005289050386924],[72.88556208119081,19.005898266093322],[72.88542340594866,19.007464153189442],[72.88538217824066,19.00792966101172],[72.88538097830676,19.007943210174474],[72.88468124894769,19.008478295293695],[72.88186035477607,19.010686209910443],[72.8808830600616,19.011531690118268],[72.88009047898265,19.011668864116864],[72.87936564561349,19.01166054924934],[72.87846562570867,19.011608431475565],[72.87763415230101,19.01134814999272],[72.87673837987462,19.010961758568108],[72.87562588693001,19.010343031531022],[72.8740553390787,19.009468295585346],[72.87333689413452,19.008958560800387],[72.87250730428141,19.008552017479055],[72.87145541917711,19.008351857133732],[72.8710190627474,19.008116991807707],[72.87073565781989,19.00794657104097],[72.86979466400452,19.00766410066537],[72.86717896905715,19.006066850342368],[72.86298069704158,19.003946694669338],[72.8620495428612,19.003500264544986],[72.8615355554795,19.00308267077626],[72.86235557699509,19.00307489574999],[72.86235664797682,19.00307488616417],[72.86235556137038,19.003024845484834],[72.8623544889373,19.00302487355286],[72.86148199177606,19.003039152286988],[72.86140536290915,19.003040406131568],[72.86139732006879,19.002970359587444],[72.86132443396873,19.00246936625137],[72.86134347008803,19.002466216874083],[72.86136422593674,19.002462631595858],[72.86137852252693,19.002460162115774],[72.86140036140343,19.002456539679898],[72.86150290068917,19.002439336861798],[72.86169374492515,19.002408544814227],[72.86169969144429,19.002407722054887],[72.86170706582786,19.002406703539258],[72.8617260255232,19.002403597858958],[72.86178564798224,19.002395844474368],[72.86180434366358,19.002393260532177],[72.86183141828162,19.002389519740888],[72.86197319905297,19.002375071950638],[72.86197384181682,19.002375007121223],[72.86197005438616,19.002323989133444],[72.86197002044094,19.002323524460543],[72.86218268615039,19.002308216937823],[72.86218294088478,19.002308198204503],[72.86222446460768,19.00230520972648],[72.86239913207723,19.002292252833783],[72.86239911614074,19.002292162322608],[72.86235895719248,19.002055154372844],[72.86233932315626,19.00193928541499],[72.86233872868993,19.00193936074014],[72.862221686831,19.00195393046505],[72.86218515253944,19.001958693750183],[72.86203481939607,19.001978908682585],[72.86203478909928,19.001978752969954],[72.86203470353647,19.001978314798304],[72.86203366198997,19.001978449988588],[72.86203347461048,19.001978474016866],[72.86203240400461,19.00197204029661],[72.86203071684453,19.001961911398915],[72.86203042744518,19.00196196766858],[72.86193019381547,19.00198194431231],[72.86175346572377,19.002018998761656],[72.8617573258656,19.00203913481616],[72.86175608558474,19.002038250625592],[72.86175464674412,19.002037225035462],[72.86175474259204,19.00203804721552],[72.86175529060944,19.002042720744605],[72.86175149425888,19.00204723925704],[72.86174484917674,19.00204543536377],[72.86173440154506,19.002045440103092],[72.86102800229789,19.002165868407836],[72.86080599847998,19.000538391858967],[72.86063129788467,19.000568270654362],[72.86063116572305,19.00056754109073],[72.86061012150547,19.000571417435534],[72.86061008424964,19.000571211962498],[72.86058703072544,19.000441852785976],[72.86057361819658,19.000366952120732],[72.8605684129277,19.000337881615835],[72.86056497839554,19.000318708841245],[72.86053016345097,19.00013385676208],[72.86052183031913,19.00008599007965],[72.86050272357805,18.999986545852327],[72.86049096311405,18.999922881089567],[72.86048166084112,18.999892214077065],[72.86045005367187,18.99980591591879],[72.86044105399114,18.99978574658258],[72.86042592847588,18.999744710414706],[72.86041620787701,18.999725223737446],[72.86040756649513,18.99970265494747],[72.86040414477353,18.999691542186845],[72.8604007211303,18.999680431210475],[72.86039783835658,18.99966846025715],[72.86039562785606,18.999655898214773],[72.86039309482533,18.999621700057222],[72.86038875506372,18.999574850588825],[72.86038443140971,18.999557411737587],[72.86037975008985,18.99954373447557],[72.8603732704179,18.999531083295118],[72.86036535153004,18.99951877496373],[72.86032216990128,18.999470572821572],[72.86026766278505,18.99940942947323],[72.8602392370854,18.999380371207515],[72.86022160441868,18.999362081939864],[72.86020397174427,18.99934379357401],[72.86019461495569,18.999333880326684],[72.86018921664096,18.999325332557525],[72.86016617618006,18.999278149279554],[72.86014601580926,18.999234383873038],[72.86014097553743,18.999224124938603],[72.86013701845037,18.999219681135656],[72.86012470724583,18.999210233207364],[72.86009304974104,18.999192122178112],[72.86005635304608,18.999168198108553],[72.86004303915061,18.999157259922104],[72.86003800040478,18.999146659567632],[72.86003654925153,18.99912135396354],[72.86003582067877,18.999099468366452],[72.86004048601008,18.99907860355322],[72.86005737452648,18.99904303044334],[72.8600695892022,18.999015324914758],[72.86007150180527,18.99900803779616],[72.86007210273242,18.99900574864075],[72.86007317794643,18.99899993499953],[72.8600735068153,18.99898186710883],[72.86007205545724,18.998957245276316],[72.86006772603034,18.99893536046572],[72.86006844253092,18.998927152624795],[72.86007275480277,18.998915182727217],[72.86008928006461,18.998876528875414],[72.8600957500477,18.998862163184157],[72.86009718312428,18.99885361226298],[72.8600968145736,18.99883446321864],[72.860095371216,18.998821467449623],[72.86009033110602,18.99881223643638],[72.86008385201836,18.998802661789146],[72.86010743458301,18.998747672686477],[72.86015845280234,18.99863103318305],[72.86016319354614,18.998620085320116],[72.86021162447402,18.998508240215887],[72.86006967159578,18.99845308988973],[72.85995095947256,18.998406289942753],[72.8599389374896,18.998401333696133],[72.85993895322358,18.99840129142458],[72.85995803513836,18.99835376996952],[72.8600318967705,18.998179636213436],[72.86011812698752,18.99796974962279],[72.8601714444511,18.997841329159737],[72.86023076836453,18.99769950681466],[72.86029547725214,18.997547657227344],[72.86036528904603,18.997379839939494],[72.8603934309582,18.997286764789113],[72.86046873463556,18.997109607943234],[72.86055822198561,18.996898355932913],[72.86062283810286,18.99674709944496],[72.86068559938553,18.99659778878792],[72.86075264306821,18.99643681945417],[72.86082558090243,18.996261563498642],[72.86089408369894,18.99609874300005],[72.86093742361045,18.995992464255725],[72.86093749726491,18.99599197643885],[72.86093774761733,18.995990293833657],[72.8609570170429,18.995942456903794],[72.86097449520952,18.995930060344936],[72.86098964341834,18.99592205707764],[72.86145276692476,18.99575975456455],[72.86203707460879,18.99553342412384],[72.86204471395952,18.99552431168315],[72.86204485758854,18.995513067994704],[72.86200210688384,18.995410343383806],[72.86199145284131,18.995403064095687],[72.86197530854128,18.99540492208716],[72.86132181226718,18.99566316611246],[72.8610234204089,18.99577760827368],[72.86161793232819,18.994301693893124],[72.85958480805517,18.993546871682057],[72.85994634949384,18.992757064084273],[72.85689675940628,18.991768747185173],[72.85691340373577,18.991730711725104],[72.85701317046902,18.991492693878214],[72.85706248030016,18.991376977465695],[72.85712991240253,18.991215318473355],[72.85715665290772,18.991153491507],[72.85723798542966,18.99096473283524],[72.85725536726837,18.9909224832727],[72.85727062835923,18.99088538487029],[72.85728560674076,18.990849378855646],[72.85733426840547,18.990732413733365],[72.85742536448261,18.990521182699208],[72.85748439895292,18.990383644675823],[72.85759193811761,18.99012897698977],[72.8576334866392,18.990032393818993],[72.85777009351361,18.989711895459227],[72.85787489901817,18.989465460770855],[72.85803101286197,18.98909405755541],[72.8581168059324,18.98889164463423],[72.85822001067005,18.988637835794314],[72.85832037282678,18.988403573212857],[72.8584580214734,18.98807823105517],[72.85854219794881,18.987880444628207],[72.85858782114792,18.987780180495353],[72.8586274982771,18.987692990996266],[72.85864793978591,18.987642044739424],[72.85870666431431,18.987500724152223],[72.858770144557,18.987351558579864],[72.85881360841283,18.98724897868305],[72.85891865885255,18.987001165718198],[72.8589713682797,18.986869971498802],[72.85905958976888,18.986661528676038],[72.85909283370322,18.986580327332124],[72.85909285722727,18.98658026979507],[72.8590973716912,18.986569242527736],[72.85947162847457,18.985655084623676],[72.85960803071616,18.98535191101929],[72.8596093823538,18.985348901603533],[72.85960941362248,18.98534883241345],[72.85962479771284,18.985314649981724],[72.85984163097744,18.984796554778278],[72.8598429800702,18.984791514780085],[72.86003078058776,18.984352938826913],[72.8601050690779,18.98418379706624],[72.86020682224698,18.98394097334221],[72.86028981906826,18.98374248375156],[72.860388435581,18.98351042581178],[72.86052426996521,18.98318748738075],[72.86067249072109,18.98284003269946],[72.86075568018722,18.982644206045435],[72.8608731591839,18.9823697476376],[72.86099013761915,18.982096236279776],[72.86112005833685,18.981793637316983],[72.86116160173229,18.9816934551359],[72.86118526906557,18.981637809870723],[72.86118671430363,18.981629993409406],[72.86118671380751,18.981626314382357],[72.86118429285202,18.981623097859625],[72.86102537985606,18.981475706512224],[72.86086236402916,18.981323585979048],[72.86073445397548,18.98120513674505],[72.86064012665693,18.981115519608792],[72.86041782545362,18.980908405227282],[72.86025577730487,18.980756284593536],[72.86008345169783,18.9805964765146],[72.85991501457377,18.980441125736657],[72.8598435256766,18.980370337242203],[72.85962994409876,18.98016972527064],[72.85953813891098,18.980084485172306],[72.85944842514328,18.980004698778583],[72.85929062843425,18.979858164552294],[72.8591930868683,18.97976846446026],[72.85903764979734,18.979625739335734],[72.85897431354462,18.979566413415757],[72.85883869729906,18.97944351205324],[72.8587268896798,18.979339675853193],[72.85849894781728,18.979129054633855],[72.85844092551906,18.979075125654425],[72.85838290513388,18.97902119848841],[72.85819200005575,18.978848241853264],[72.85816549263828,18.978822326539152],[72.85813898430276,18.97879640940473],[72.85796111715426,18.9786328655605],[72.8577981896506,18.978479394338013],[72.8576907408457,18.978378792985186],[72.85768291798786,18.978370862069426],[72.85767717909276,18.978368880718815],[72.85767636629579,18.97836895892893],[72.85767623795154,18.97836897189582],[72.8576734450103,18.978369237650195],[72.85767196678187,18.97836937861382],[72.85760220357002,18.978384075801742],[72.85743338588463,18.978419638203185],[72.8569673757434,18.978519007366938],[72.85571803811708,18.978808177671446],[72.85556885362215,18.978842707084514],[72.85472338319207,18.97903839227317],[72.85465112398626,18.979054969709637],[72.85289771156246,18.979457221755183],[72.85102366227126,18.979887128220305],[72.85056256170493,18.979992901253233],[72.85015800550968,18.98008788046797],[72.85002527036681,18.98001560467592],[72.85011523188956,18.979984192555865],[72.85014270010012,18.979976951273773],[72.85017481632121,18.979969462283496],[72.85017837011547,18.979968877597802],[72.85023942958489,18.979958842448983],[72.85024904222104,18.979952912152356],[72.85024887887779,18.979952100929157],[72.85013929224638,18.979409893919975],[72.85011067473104,18.979407263619596],[72.85010328176787,18.97939893274087],[72.85009811134606,18.97938935768558],[72.85005940305189,18.979190218546773],[72.85009358247241,18.97918456727923],[72.8500941752607,18.979184468482412],[72.85009183453695,18.97917361475271],[72.85008551405843,18.979144306243963],[72.85004924185768,18.978956286598766],[72.85004941417284,18.978956250663074],[72.85037708410145,18.97888874077302],[72.85049635719281,18.97886478116052],[72.85074447297026,18.978814939559832],[72.85120892525838,18.97872023102965],[72.85167805618117,18.978625146534764],[72.85195331110762,18.978570631292722],[72.85320531462241,18.978340350021785],[72.85321423313195,18.97833863337323],[72.85374863159667,18.978235762682246],[72.85494103416319,18.97800622423944],[72.85511880092169,18.977967510634752],[72.8553107037536,18.97792616321394],[72.85536040745149,18.977914882785278],[72.85551623138043,18.977879991905304],[72.85560957551412,18.977859205152445],[72.85562718591066,18.977854926239168],[72.85563697980231,18.977849796222905],[72.85564612811662,18.97784280702732],[72.8556539762752,18.977835399008868],[72.85566206132039,18.977821797313148],[72.8556644809159,18.977812719493816],[72.85566449141484,18.977812641031086],[72.85566538274554,18.977804053144776],[72.85566538120524,18.977804025125625],[72.85566339565828,18.97779150540662],[72.85565100215871,18.977740182651196],[72.85562671130856,18.977625183465502],[72.85559774270416,18.977500448858848],[72.85557456438517,18.977401124328136],[72.8555382680701,18.977248781338517],[72.8555046497938,18.977105003449175],[72.85547838799467,18.97699148897603],[72.85545019299701,18.976873904559678],[72.85542584686245,18.976774589072402],[72.85541037243297,18.976713404863318],[72.8554053134577,18.97670407872165],[72.85539165873455,18.9766887673008],[72.85538149848333,18.97668195005157],[72.85537093539551,18.976677527215603],[72.85535645023239,18.97667487360677],[72.85534430620558,18.976674834080235],[72.85532902236551,18.9766766451043],[72.85528707661098,18.976684327394345],[72.85518498557963,18.976706759617244],[72.85504211913617,18.976736897510058],[72.85481298451289,18.97678611254691],[72.85464062637188,18.97682362407108],[72.85439414155782,18.976876586577674],[72.85438550841486,18.97687730487479],[72.85415473583312,18.976926432330945],[72.85400010976805,18.976956590236227],[72.85388119580189,18.97698221935627],[72.85375409562133,18.977009474209307],[72.8536139623731,18.977039232557583],[72.85343690819269,18.977076414771503],[72.8532799387282,18.977109456107026],[72.8531929031819,18.977127788419054],[72.85306804706546,18.97715499112433],[72.85306603584078,18.977155382397946],[72.85300963507774,18.977166343369834],[72.85299364778297,18.977169772819863],[72.8529491733348,18.977179314864905],[72.85285783625106,18.977198569036258],[72.85263254121588,18.97724333565125],[72.85248072299065,18.977274399168863],[72.85232616273804,18.977306198520544],[72.85227309486963,18.97731720515318],[72.85212972272781,18.977346063937492],[72.85202498043229,18.977368250406965],[72.85198222734573,18.97737630553494],[72.8519535595931,18.977382503492805],[72.85183159462525,18.977403532531913],[72.85174403749856,18.977422018862388],[72.85162450854443,18.97744699259398],[72.85145905761793,18.977479761360755],[72.8512906819958,18.97751743960134],[72.85113144338928,18.977550348821836],[72.85098557001587,18.9775804684146],[72.85080407964564,18.977618563899025],[72.85080165268977,18.97761909213299],[72.8506455313776,18.977653083092726],[72.85049294658585,18.97768494172354],[72.85029494141999,18.977726266486012],[72.85017064666778,18.977751765595293],[72.84997096626552,18.97779473796886],[72.84983757859966,18.977821851048407],[72.8498138743595,18.977769248623336],[72.84975703230968,18.977639982291887],[72.84972177646885,18.977558716030032],[72.8496923424289,18.977566614607284],[72.84955597536697,18.977545362760605],[72.84955071470745,18.977524405502056],[72.84952791589365,18.977425831933868],[72.84951482686859,18.977365380578856],[72.84949326809904,18.97727531211044],[72.84947230918647,18.977186074387713],[72.84945220187761,18.977107420183437],[72.84943465305196,18.977033377063986],[72.84942017202573,18.976971235783108],[72.84941262710227,18.976931926534256],[72.84940793636322,18.97690629246308],[72.84940687479931,18.976878856085925],[72.84940479026561,18.97680684883287],[72.8494047874885,18.976806769313235],[72.84940265621961,18.97674528185049],[72.84940265345409,18.976745201427715],[72.8494006383452,18.976674516458043],[72.849400636529,18.976674436046313],[72.84939923500914,18.97662666230886],[72.84939923318136,18.976626582800257],[72.84939865180229,18.97658666435508],[72.8493986564574,18.976586597567522],[72.84939882624136,18.97658416975568],[72.84939883200809,18.976584090335304],[72.84940021321495,18.976564582296778],[72.84941368222644,18.976528039092564],[72.84942428898003,18.976511883662855],[72.84943374124812,18.976500606003412],[72.8494533667975,18.97648275513654],[72.84946790289044,18.976474327624963],[72.84948507135114,18.97646571481168],[72.84950084842433,18.97646016867862],[72.84957129177369,18.97644534062776],[72.84968512774232,18.97642232537323],[72.84978549728037,18.97640243971068],[72.84990785516972,18.976376861373613],[72.85002937131144,18.976352283930694],[72.85015808292063,18.976325815428115],[72.85029430841217,18.976297798272476],[72.85042961916216,18.976267368606216],[72.85052126147262,18.976249235594807],[72.85064607328094,18.976224564119835],[72.85073012246345,18.97620778716294],[72.8508805659223,18.97617680571455],[72.85100344295226,18.976151741188165],[72.85109666263757,18.97613327843369],[72.85116911375628,18.97611971685295],[72.85117989134127,18.9761174699775],[72.85118969981217,18.976115941691635],[72.85119603970762,18.976115466999385],[72.8512021733396,18.976116268937986],[72.85120771715346,18.976117975425936],[72.85121207998475,18.976122040183217],[72.85121451628689,18.976126629957843],[72.85121633893323,18.976134131063358],[72.85121907447906,18.976147962017187],[72.85123995328485,18.976242478282533],[72.8512500958558,18.97629048719683],[72.85125895445917,18.976334892529948],[72.8512678297088,18.976374298476394],[72.85127879846411,18.97642385072607],[72.85128856480098,18.97646758643516],[72.85129426597116,18.9764947813138],[72.85129945711618,18.976520212515936],[72.85130278462131,18.976537118736235],[72.85130730186341,18.976553797593805],[72.85131074418898,18.976565008245352],[72.85131244867179,18.976569211959614],[72.85131489211497,18.976573541675705],[72.85131892002521,18.976575590066446],[72.85132674541357,18.9765762589867],[72.8513355996908,18.976576138651616],[72.85140605171115,18.976563222207172],[72.85145901760838,18.97655348732602],[72.85146340690004,18.976552528417486],[72.85146604003167,18.97656494456875],[72.85153261658397,18.976550751942675],[72.85158809288836,18.97653908787712],[72.85170237488782,18.976516378228677],[72.85179054556478,18.976498208816015],[72.85186166916853,18.9764836343614],[72.85196784845128,18.976460924457022],[72.852047809484,18.976445467912104],[72.8521118559079,18.9764326629371],[72.85219587651612,18.97641567271073],[72.85225987479707,18.97640195572752],[72.85231335520545,18.976390888823495],[72.85240826801132,18.976372781968095],[72.8525158055151,18.976351653757813],[72.85258318945323,18.9763379416092],[72.85265884382096,18.976322769040557],[72.85272482302264,18.976309390108064],[72.85285202406929,18.976284676183734],[72.85297513261833,18.976260579508626],[72.85306577199476,18.976241791355623],[72.85317230825778,18.976220026075573],[72.85325030800664,18.976204236424667],[72.85331660944411,18.976191489683423],[72.8533930015244,18.976176310001396],[72.85349519909961,18.976155774147784],[72.85362464836305,18.976129570959632],[72.85372885473606,18.976109051036314],[72.85397119625638,18.97605155025559],[72.85407390194287,18.976029510598625],[72.8541521339234,18.976013072890748],[72.85416139637564,18.97601184612938],[72.85425445584981,18.975990747764556],[72.85437331072322,18.975965670450822],[72.85450086553003,18.975940584590507],[72.8546062476765,18.975919430135857],[72.85471824222226,18.975895944132894],[72.85483322994422,18.975870489294604],[72.85496338738142,18.97584538087136],[72.85507536358557,18.975822134699918],[72.85515544439973,18.975805739649626],[72.8552772479216,18.975779338281214],[72.85540040888903,18.975753771818997],[72.85552207812282,18.975728881701443],[72.8556011420925,18.975712850430796],[72.85569766126433,18.975694112783707],[72.85573590342842,18.975686911374655],[72.85575626832376,18.975683864776663],[72.85586494103775,18.975659963815076],[72.85586666846507,18.97566638980344],[72.85589971941566,18.975659601547264],[72.85589972045578,18.975659520265136],[72.85590483038607,18.975378018857317],[72.85581408252916,18.97522007186495],[72.85579635823937,18.97518897930843],[72.85544480114902,18.974572225570814],[72.85543841329462,18.97456384060165],[72.8554330022025,18.97455866271102],[72.85542610408314,18.974555354522778],[72.85541969647545,18.974552519006146],[72.85540686460031,18.974552007249137],[72.85540677408099,18.974552032395344],[72.85540686562906,18.97455192687016],[72.8553915469327,18.974556179950937],[72.85525914868161,18.974592803873275],[72.8552591229463,18.974592811704557],[72.85526110128409,18.97459862186408],[72.85526112689365,18.97459869803532],[72.85493089496991,18.974666553655517],[72.85372624796207,18.97492240441253],[72.85355335347619,18.974958642475205],[72.85319301019081,18.975039865474862],[72.85250426744828,18.975179903038974],[72.8520669058919,18.97526542320941],[72.85198221537777,18.975281982926315],[72.85191423867064,18.97529508462951],[72.85145799649875,18.975383020501813],[72.85138936142239,18.975396249095006],[72.85121236593312,18.975430362767934],[72.85121254767725,18.975431163798604],[72.85121617875123,18.97544719708553],[72.85121598974122,18.975447246919824],[72.85103652268477,18.975494673732168],[72.8509855818789,18.97528757345013],[72.85095828422584,18.975176595238544],[72.85092992734111,18.975061310094727],[72.85091963554845,18.975019467845758],[72.85091593652847,18.97500999028854],[72.85090826420667,18.975004277488168],[72.85090169543395,18.975002909563624],[72.85089279236188,18.975003361720763],[72.85087791073177,18.975007062171926],[72.85045877281424,18.975097693887427],[72.85044408782991,18.975087248727522],[72.85042909825019,18.975077678004613],[72.85041521008989,18.975071285113977],[72.85040687200667,18.975069141497688],[72.85010905516243,18.975136688075313],[72.85005719898818,18.975149947388367],[72.84964348649547,18.975242727636886],[72.84957066818897,18.97525903211186],[72.84946024997765,18.97528375720634],[72.84945092132948,18.975285483372847],[72.84944693798907,18.975285588848916],[72.8494408484756,18.9752826104976],[72.84943600667772,18.975278807506516],[72.84943328811285,18.97527335633206],[72.84943132718935,18.97526494763436],[72.84942921423225,18.975256178574078],[72.84933639295171,18.974870963085063],[72.84933214937413,18.974851399636613],[72.8493291595406,18.974835941642905],[72.84932914727042,18.974835862012988],[72.8493271795345,18.974822658701516],[72.84932718100542,18.974822618071656],[72.84932718623881,18.974822580195283],[72.84932847134516,18.97481469967922],[72.84933179382013,18.974809641148045],[72.84934247003265,18.97480677987929],[72.84940142397302,18.974794425185376],[72.84964663625743,18.974742866224442],[72.85006847421407,18.97465434427309],[72.85021240458738,18.974621990527933],[72.8502965086767,18.9746053118899],[72.8505859371171,18.974546424695315],[72.85083873645205,18.974492226114855],[72.85099798093893,18.974458850871983],[72.85131682037078,18.974389340029106],[72.85156985604394,18.97434044893802],[72.85180803912989,18.974289731267987],[72.8519553645767,18.974263124148173],[72.85274127977456,18.974102818777318],[72.85291323029425,18.974066461167503],[72.85321381210284,18.974005881664567],[72.85349641607972,18.973948189621904],[72.85408007363773,18.973827813475594],[72.85410550621398,18.973821540052427],[72.85410840738813,18.973819011757808],[72.85420257240145,18.97378976032745],[72.85408144214308,18.973264569267034],[72.85408815012933,18.973262332481365],[72.85404602811165,18.973087456020846],[72.85404081217625,18.973088407044852],[72.85393530237512,18.97263093975564],[72.85368014325614,18.972029097481162],[72.85329789124177,18.972108513564788],[72.8529947661116,18.97214394863063],[72.85270369848514,18.97214560771444],[72.85195395752669,18.972246458271755],[72.8513312789863,18.97231591622554],[72.85104191201167,18.97243305965099],[72.85084345384227,18.972644372841483],[72.8506282876977,18.97281167298341],[72.85044899462868,18.97287531970727],[72.84972718902101,18.973042213317655],[72.8496730678068,18.97277319476948],[72.84986984111292,18.972693319775345],[72.84994565862593,18.972617517371106],[72.85005784148828,18.972399726120507],[72.85009420679417,18.97225773733301],[72.85009652525504,18.9720770117556],[72.85003482048798,18.97195031626001],[72.84988641821052,18.971850000749303],[72.84983699936791,18.971663197022302],[72.84986802980193,18.97148828224538],[72.8499849846365,18.9713472292692],[72.8503176655539,18.970995064185168],[72.85038309315192,18.97083150329483],[72.85051963400791,18.970509924668455],[72.85061847563254,18.970434389128524],[72.85079776594047,18.970370741960604],[72.85075725396622,18.970023885510784],[72.85076765489832,18.970022525596338],[72.85130730142976,18.9699494672993],[72.85185378998206,18.969874382505914],[72.85234613359475,18.96980727124063],[72.8530006220191,18.969719606420362],[72.8529790833899,18.969291786417486],[72.85267372976388,18.96931091275645],[72.8523471660139,18.969331674861003],[72.85199430774824,18.969356615049897],[72.85152514352738,18.969385456562],[72.85111348193763,18.969410934872446],[72.85072271056843,18.96943568197442],[72.85071414810331,18.969289880064355],[72.85113781372428,18.969263250249178],[72.85115576184242,18.96889326762564],[72.85135281912875,18.968895554168903],[72.85136014048845,18.968759649400283],[72.8521530863924,18.968715347961563],[72.85216755138367,18.96822949638636],[72.85229986537766,18.9681918358448],[72.85229654785896,18.96780768527249],[72.85141102299131,18.967834530163884],[72.85142096463338,18.96762356767235],[72.85144205453332,18.96729290378857],[72.8512349779324,18.96728327012971],[72.8511860966267,18.967018740986333],[72.85038234384078,18.967161756960056],[72.8503821779057,18.967161666513856],[72.8503868913408,18.967062743633043],[72.85039134338025,18.966969299173233],[72.85039649587797,18.966817011251266],[72.85040346300127,18.966636741671028],[72.85041491566135,18.966340647004795],[72.85027263792756,18.96635684239924],[72.85025691494302,18.96635927391305],[72.8502567946233,18.966239732634207],[72.84982710484799,18.96633665171801],[72.84977868736924,18.96603782074091],[72.85005405780527,18.965986530822423],[72.8498652894296,18.965286667155684],[72.84972564706815,18.964998373392877],[72.84972928547344,18.964994601138464],[72.84973419141225,18.96497943349889],[72.8497324906468,18.964965084042184],[72.84972518467158,18.964947087661184],[72.84971589655599,18.964936680565827],[72.84970980843636,18.964933922919055],[72.84969521250144,18.964935540847573],[72.84969516621963,18.964935445286596],[72.8495077772603,18.96392564683598],[72.84937556794542,18.963395411714504],[72.84913491639008,18.96274504492539],[72.8490728772532,18.962484250608867],[72.84901947983519,18.962268203289952],[72.84899861788215,18.96218379104769],[72.84892254384755,18.961868208685566],[72.84888394660706,18.961711652532944],[72.84878555441607,18.961302732968015],[72.84878415108368,18.961296751499166],[72.84876867197384,18.961230786841007],[72.84871852201631,18.96103153820472],[72.8486345761902,18.960704597021145],[72.84860693897588,18.9605831805384],[72.84852318061546,18.96023758453692],[72.84838999404779,18.959662526728078],[72.84818101688477,18.958684537461668],[72.84817947292201,18.958677310559285],[72.8479999662002,18.957959028572652],[72.84960558069263,18.95737852402487],[72.850580745074,18.957909880449645],[72.85078237773217,18.958802459007558],[72.85106082063344,18.95876161767972],[72.85082383017956,18.95773641535044],[72.85059622007054,18.957786660429143],[72.84980619366888,18.9572662670629],[72.84951838280736,18.955870275537876],[72.84910496124675,18.95596243360923],[72.84943518450696,18.957301625130466],[72.84795472419997,18.95777201417332],[72.84786423788404,18.957409158194963],[72.84782895599581,18.957263878884266],[72.84778512872872,18.95708311574834],[72.84773391818308,18.956873966601762],[72.84769143425729,18.956699354948004],[72.84765763761888,18.956567373600095],[72.84762596961053,18.956431680163387],[72.84759563056205,18.956313458688328],[72.84756139012059,18.956169167881335],[72.84738738473958,18.955480893434924],[72.84724705959628,18.95491692298507],[72.84719656096432,18.95470934197592],[72.84717868189342,18.954665427004983],[72.84715177488468,18.954624604707554],[72.84709868042462,18.954564491493414],[72.84704271486554,18.954520384207818],[72.8469733847884,18.95447471523909],[72.84692039311929,18.9544478009206],[72.84690344212972,18.954439573020256],[72.84687671209295,18.954431937844433],[72.84685234323038,18.954431462290998],[72.84682274725688,18.954433213969292],[72.8467954893996,18.954439927354848],[72.84675302519436,18.954265436852232],[72.8469796205594,18.95421363535163],[72.84707738760822,18.954191697335038],[72.84709851663956,18.954181352924454],[72.8471196265332,18.95416110758651],[72.84713217040628,18.954142655971626],[72.84713387967747,18.954127157714115],[72.84713558158488,18.95410527960074],[72.84713279141604,18.954088938710477],[72.8471259704809,18.954071408358637],[72.84711232276486,18.95405300381804],[72.8470888417751,18.954036386407267],[72.84707073801323,18.954029145047507],[72.84704956097444,18.954026218110037],[72.84702113125289,18.9540319324569],[72.84676664168778,18.954087240655177],[72.84671174255577,18.954099410129817],[72.8466737715133,18.9539512595849],[72.84670803495678,18.953943316978016],[72.84673139771503,18.95392868456557],[72.84674812877438,18.953916469910688],[72.84676888023168,18.953894565664367],[72.84680770529052,18.953834912565675],[72.84682787640416,18.95380082644205],[72.84685354858563,18.95374952655755],[72.84689462110508,18.953658325875516],[72.84691166019472,18.953579796970164],[72.84691283122336,18.95356267019509],[72.84687832711047,18.953430340023747],[72.84682237322828,18.95320576294883],[72.84677400147966,18.9530118242373],[72.84673564495264,18.952853551742336],[72.84669101176978,18.952664717461282],[72.84663568114277,18.95243059104314],[72.8466269597925,18.952416979548783],[72.84659272653087,18.952364017083266],[72.84654680337444,18.952313571666622],[72.8465051779331,18.952271325450013],[72.84645188122792,18.95223155042361],[72.84639853770096,18.95220992055382],[72.84637442088525,18.95220647524578],[72.84632849957904,18.952005914198303],[72.84634454294388,18.951982326676866],[72.8464245947068,18.951995576603796],[72.84653281048601,18.952012841806443],[72.84660596147538,18.952023225795738],[72.84663231325102,18.95201962175637],[72.84665493596614,18.952008115063162],[72.84667254421274,18.951992924390762],[72.84668495059543,18.951970898776786],[72.8466922703934,18.951949328921025],[72.84669077852197,18.951928139023845],[72.84668190890393,18.951906184146075],[72.84667716822773,18.951892040817718],[72.84666044974823,18.951873631290663],[72.84664283711264,18.95186401641272],[72.84659502874044,18.951853584582867],[72.84653255250781,18.951844559402637],[72.84651218058954,18.951838910306407],[72.84650103659573,18.95182707628655],[72.84649082225073,18.9518169963728],[72.84646687464553,18.951721530090268],[72.84643582484078,18.951593849385436],[72.84639633985317,18.951432340888505],[72.84637582837172,18.951325965136768],[72.84623545217549,18.950771128441573],[72.84618545212784,18.950569723084],[72.84650478655453,18.950439742054545],[72.84654186007377,18.950118773373756],[72.84682175643776,18.948209306009947],[72.84680759496636,18.948028844156052],[72.84673065336895,18.94760464358137],[72.84600211482068,18.94467222722206],[72.8458363791399,18.944105892501796],[72.84575486896375,18.943954638869382]],[[72.84895303176482,19.13623783913437],[72.84895303151795,19.136237837650146],[72.84874389682275,19.13496941421176],[72.84874389665097,19.13496941280067],[72.84874058196344,19.134940486385982],[72.84874389675564,19.134969413524487],[72.84895303166016,19.13623783841054],[72.84912739635799,19.13732045769927],[72.84895303176482,19.13623783913437]],[[72.8483497228244,19.132012367903044],[72.84786224444179,19.12822012340187],[72.84834972391774,19.13201236860231],[72.84859600278656,19.133863866220512],[72.8483497228244,19.132012367903044]],[[72.85980495508677,19.083865677904054],[72.85984781663858,19.08387481290848],[72.85989143330714,19.083879072855932],[72.85984781663858,19.08387481290849],[72.85980495508676,19.083865677904075],[72.85976339177174,19.083851783596856],[72.8597236533629,19.083833306048504],[72.85976339177174,19.083851783596838],[72.85980495508677,19.083865677904054]]],[[[72.78042474758459,19.13368643732642],[72.78042074803814,19.13398565645217],[72.7804710801763,19.13450318059335],[72.7807543748281,19.134724250063947],[72.78092464283864,19.134835130196656],[72.78152021925979,19.13525041130711],[72.78206582480935,19.135120964821123],[72.78313277154545,19.134535300193484],[72.78342369575427,19.134185128319857],[72.78357478506818,19.13358841437705],[72.783464298238,19.1332878142649],[72.78312666655678,19.132848444221676],[72.78284409760738,19.132572974798524],[72.7825865174096,19.13256986803293],[72.78218692707772,19.132483429245287],[72.78170038726353,19.13247755889626],[72.78138375043636,19.13260976855197],[72.78109391585333,19.132878331797325],[72.78065952571178,19.133253973889612],[72.78042474758459,19.13368643732642]]]]}}